Plant_ID,Leaf_Vibration_Hz,Pollen_Scent_Complexity,Bioluminescence_Intensity_Lux,Root_Signal_Strength_mV,Growth_Rate_mm_day,Ambient_Temperature_C,Soil_Moisture_Level,Sunlight_Exposure_Hours,Symbiotic_Fungus_Present,Plant_Message_Type
PLANT_0001,57.45,7,2.7,117.61,2.25,25.6,0.27,9.5,0,Distress
PLANT_0002,47.93,1,21.55,208.47,4.46,15.3,0.28,9.9,0,Warning
PLANT_0003,59.72,8,3.53,193.31,5.05,34.3,0.41,8.9,0,Invitation
PLANT_0004,72.85,3,5.9,149.65,1.53,23.6,0.36,5.8,1,Distress
PLANT_0005,46.49,6,58.61,135.2,4.89,24.3,0.82,5.2,1,Contentment
PLANT_0006,46.49,9,16.43,225.35,6.47,33.2,0.4,4.4,1,Contentment
PLANT_0007,73.69,6,27.78,229.89,4.39,30.7,0.25,9.1,0,Warning
PLANT_0008,61.51,9,16.33,265.0,4.93,25.9,0.26,7.9,1,Invitation
PLANT_0009,42.96,7,16.08,174.83,6.12,26.1,0.46,8.0,1,Warning
PLANT_0010,58.14,9,1.98,192.92,4.22,26.6,0.14,5.5,1,Contentment
PLANT_0011,43.05,2,8.42,130.88,4.4,20.8,0.49,2.5,0,Contentment
PLANT_0012,43.01,8,6.64,277.04,2.65,23.4,0.23,2.9,0,Contentment
PLANT_0013,53.63,8,9.91,203.48,4.97,24.9,0.73,6.1,1,Contentment
PLANT_0014,21.3,2,32.02,236.13,4.33,21.4,0.52,5.0,1,Invitation
PLANT_0015,24.13,4,9.3,237.9,6.0,17.2,0.92,4.7,0,Contentment
PLANT_0016,41.57,7,12.02,272.96,6.13,20.7,0.45,6.7,1,Invitation
PLANT_0017,34.81,4,10.13,158.43,6.58,17.1,0.0,8.0,0,Invitation
PLANT_0018,54.71,4,1.96,234.88,3.98,22.3,0.79,4.6,1,Contentment
PLANT_0019,36.38,6,11.63,198.75,0.65,13.1,0.6,3.4,1,Contentment
PLANT_0020,28.82,10,4.35,305.28,6.48,23.7,0.63,4.6,0,Contentment
PLANT_0021,71.98,6,4.13,158.28,5.86,13.8,0.3,3.9,1,Distress
PLANT_0022,46.61,10,1.98,258.57,3.73,20.0,0.49,7.2,0,Contentment
PLANT_0023,51.01,3,8.82,217.52,6.11,24.5,0.54,6.0,0,Invitation
PLANT_0024,28.63,9,28.33,214.89,2.1,26.0,0.45,9.8,1,Distress
PLANT_0025,41.83,10,6.47,202.7,7.06,25.4,0.15,7.5,0,Contentment
PLANT_0026,51.66,2,7.49,267.33,4.33,23.6,1.0,9.6,0,Distress
PLANT_0027,32.74,6,20.58,213.19,3.34,16.4,0.67,3.2,0,Contentment
PLANT_0028,55.64,7,4.36,123.78,3.76,26.9,0.58,0.0,0,Invitation
PLANT_0029,40.99,9,45.45,260.98,4.54,16.5,0.76,6.5,0,Contentment
PLANT_0030,45.62,3,14.69,251.81,4.98,27.5,0.63,6.2,0,Warning
PLANT_0031,40.97,10,11.87,229.36,5.1,25.1,0.36,5.8,1,Warning
PLANT_0032,77.78,3,16.32,143.58,4.14,28.8,0.75,6.2,0,Invitation
PLANT_0033,49.8,7,3.63,151.34,5.4,22.1,0.67,3.8,1,Contentment
PLANT_0034,34.13,4,19.01,106.13,5.02,17.9,0.37,7.1,0,Invitation
PLANT_0035,62.34,8,9.02,223.02,3.7,15.5,0.66,7.5,0,Warning
PLANT_0036,31.69,7,45.5,132.52,3.4,16.1,0.45,3.6,0,Contentment
PLANT_0037,53.13,5,3.7,114.06,6.22,13.8,0.54,5.3,1,Warning
PLANT_0038,20.6,7,14.15,263.75,6.05,26.7,0.62,5.4,1,Contentment
PLANT_0039,30.08,3,18.23,238.41,5.11,27.3,0.77,4.7,1,Contentment
PLANT_0040,52.95,2,0.68,183.34,6.85,24.8,0.37,3.7,0,Warning
PLANT_0041,61.08,6,9.04,193.3,1.08,21.8,0.57,6.0,1,Distress
PLANT_0042,52.57,2,26.38,79.63,3.87,32.3,0.9,6.5,0,Contentment
PLANT_0043,48.27,3,34.34,245.84,2.69,21.5,0.46,4.8,0,Contentment
PLANT_0044,45.48,6,7.51,165.36,9.51,23.1,0.54,3.8,1,Contentment
PLANT_0045,27.82,5,32.05,216.51,6.43,21.8,0.9,6.8,0,Distress
PLANT_0046,39.2,8,68.69,75.57,4.84,20.3,0.63,4.5,1,Contentment
PLANT_0047,43.09,9,38.88,248.88,6.57,25.2,0.21,5.4,0,Contentment
PLANT_0048,65.86,3,2.5,162.36,7.23,18.8,0.34,5.1,1,Contentment
PLANT_0049,55.15,10,26.92,131.2,7.21,18.5,0.64,8.5,1,Distress
PLANT_0050,23.55,3,7.7,183.02,6.84,25.4,0.58,4.6,1,Invitation
PLANT_0051,54.86,3,89.16,170.18,4.47,19.5,0.53,9.5,0,Contentment
PLANT_0052,44.22,6,13.29,253.71,4.0,22.7,0.93,7.5,0,Contentment
PLANT_0053,39.85,1,2.61,178.98,3.08,20.3,0.38,9.6,1,Invitation
PLANT_0054,59.18,7,25.83,268.13,6.0,21.9,0.49,7.3,0,Invitation
PLANT_0055,65.46,1,7.8,216.51,4.68,18.6,0.11,5.6,1,Distress
PLANT_0056,63.97,5,116.71,244.72,4.16,18.8,0.73,4.2,1,Invitation
PLANT_0057,37.41,10,78.02,199.89,4.06,17.9,0.34,5.3,0,Distress
PLANT_0058,45.36,8,21.35,263.6,7.9,26.2,0.71,9.0,1,Distress
PLANT_0059,54.97,4,2.78,142.32,6.91,22.9,0.69,5.9,1,Contentment
PLANT_0060,64.63,5,23.22,205.68,8.66,26.6,0.97,7.3,0,Contentment
PLANT_0061,42.81,4,1.95,180.18,6.06,27.1,0.63,6.4,0,Warning
PLANT_0062,47.22,4,0.6,269.83,5.11,19.7,0.43,6.5,1,Invitation
PLANT_0063,33.4,8,34.63,274.95,4.95,26.4,0.59,6.6,0,Invitation
PLANT_0064,32.06,2,4.71,200.02,2.96,21.9,0.35,7.0,1,Distress
PLANT_0065,62.19,1,9.53,135.42,2.48,21.2,0.56,4.4,0,Contentment
PLANT_0066,70.34,3,72.58,221.35,6.01,28.3,0.46,5.5,1,Warning
PLANT_0067,48.92,9,8.21,116.77,3.13,24.8,0.49,6.6,0,Contentment
PLANT_0068,65.05,4,7.03,281.31,5.42,20.2,0.32,6.3,1,Contentment
PLANT_0069,55.42,10,50.07,176.34,7.23,24.4,0.56,5.1,1,Distress
PLANT_0070,40.32,5,2.35,198.47,3.67,15.7,0.66,6.8,0,Invitation
PLANT_0071,55.42,2,28.51,165.95,9.02,23.2,0.17,4.5,0,Warning
PLANT_0072,73.07,4,88.57,154.91,3.02,14.5,0.36,3.6,1,Warning
PLANT_0073,49.46,2,46.31,236.86,6.98,17.1,0.53,6.6,1,Distress
PLANT_0074,73.47,2,21.09,192.07,5.85,24.9,0.03,3.6,0,Contentment
PLANT_0075,10.7,4,7.54,202.12,7.39,8.6,0.85,6.6,1,Invitation
PLANT_0076,62.33,6,5.87,149.81,2.77,31.0,0.36,2.1,0,Contentment
PLANT_0077,51.31,7,34.21,242.8,9.61,26.2,0.31,4.6,0,Contentment
PLANT_0078,45.51,10,42.38,247.89,4.64,12.8,0.46,5.3,1,Contentment
PLANT_0079,51.38,3,14.91,189.55,6.35,34.0,0.53,2.8,1,Warning
PLANT_0080,20.19,3,5.6,263.4,7.89,35.4,0.35,5.3,0,Contentment
PLANT_0081,46.7,10,2.4,194.79,3.79,21.1,0.7,8.4,1,Warning
PLANT_0082,55.36,6,1.82,238.99,6.65,17.4,0.58,3.5,0,Contentment
PLANT_0083,72.17,3,25.39,118.85,3.46,30.4,0.33,5.3,1,Contentment
PLANT_0084,42.23,2,10.9,217.67,7.79,20.3,0.4,9.4,1,Warning
PLANT_0085,37.87,8,47.15,186.43,3.48,22.8,0.2,3.9,1,Warning
PLANT_0086,42.47,5,26.92,207.78,5.08,28.1,0.25,8.8,1,Contentment
PLANT_0087,63.73,1,4.25,205.53,5.61,21.2,0.58,5.4,0,Distress
PLANT_0088,54.93,3,19.03,206.28,6.57,20.8,0.33,6.2,1,Invitation
PLANT_0089,42.05,10,11.44,230.79,8.94,15.6,0.86,8.6,1,Warning
PLANT_0090,57.7,8,17.22,171.74,4.1,18.8,0.51,5.0,0,Warning
PLANT_0091,51.46,4,26.79,228.45,7.28,20.7,0.23,7.3,1,Warning
PLANT_0092,64.53,7,32.82,261.63,8.94,15.8,0.27,7.8,0,Contentment
PLANT_0093,39.47,10,37.12,129.49,5.33,16.3,0.71,4.7,1,Distress
PLANT_0094,45.09,2,5.86,160.97,3.9,22.2,0.48,4.5,0,Invitation
PLANT_0095,44.12,7,0.63,163.07,1.54,12.8,0.7,5.5,0,Distress
PLANT_0096,28.05,5,26.89,145.4,8.77,17.6,0.43,5.6,0,Contentment
PLANT_0097,54.44,5,2.25,176.27,4.51,31.7,0.39,3.8,1,Contentment
PLANT_0098,53.92,6,7.56,251.66,3.0,20.3,0.72,4.7,1,Invitation
PLANT_0099,50.08,9,0.08,272.38,2.28,19.6,0.33,0.0,0,Contentment
PLANT_0100,46.48,6,22.89,205.31,2.99,20.3,0.6,5.3,0,Contentment
PLANT_0101,28.77,8,3.66,183.79,6.84,20.3,0.46,7.8,0,Invitation
PLANT_0102,43.69,7,21.3,240.15,7.12,24.9,0.68,2.7,1,Distress
PLANT_0103,44.86,9,95.93,81.8,6.3,24.5,0.86,5.1,1,Distress
PLANT_0104,37.97,4,1.51,147.24,5.26,20.0,0.42,10.9,0,Contentment
PLANT_0105,47.58,2,1.6,83.92,2.51,20.9,0.39,6.0,0,Contentment
PLANT_0106,56.06,7,8.32,146.72,3.54,28.6,0.63,8.7,1,Warning
PLANT_0107,78.29,6,40.26,161.65,2.79,14.4,0.28,4.0,0,Distress
PLANT_0108,52.62,1,4.85,273.88,6.15,21.7,0.82,6.9,0,Warning
PLANT_0109,53.86,9,8.94,61.95,2.87,22.7,0.79,3.6,0,Invitation
PLANT_0110,48.88,9,1.42,179.16,3.57,18.1,0.3,6.8,1,Invitation
PLANT_0111,21.22,2,28.81,230.98,4.63,21.4,0.18,7.7,1,Contentment
PLANT_0112,49.6,3,10.5,220.54,1.66,17.4,0.27,7.2,1,Warning
PLANT_0113,50.9,5,28.48,273.09,5.09,25.2,0.27,5.3,0,Warning
PLANT_0114,86.95,5,46.79,208.05,4.79,15.3,0.66,6.5,1,Distress
PLANT_0115,47.11,1,5.3,218.71,7.37,27.3,0.81,6.6,0,Distress
PLANT_0116,54.52,8,32.94,108.07,3.36,21.6,0.66,7.3,1,Distress
PLANT_0117,49.48,8,1.22,150.59,2.4,19.8,0.45,5.8,1,Contentment
PLANT_0118,32.47,4,45.82,110.86,4.25,17.0,0.57,7.9,1,Contentment
PLANT_0119,67.14,7,21.04,228.63,2.8,27.2,0.33,8.9,0,Distress
PLANT_0120,61.28,10,41.47,217.43,5.08,18.7,0.72,5.4,0,Contentment
PLANT_0121,61.87,3,0.0,215.68,1.28,16.2,0.59,6.1,1,Distress
PLANT_0122,36.36,6,3.7,155.93,3.79,27.3,0.65,4.2,1,Distress
PLANT_0123,71.04,10,9.88,151.35,3.14,17.5,0.35,6.7,0,Contentment
PLANT_0124,28.97,10,9.54,210.47,6.14,21.5,0.47,6.7,1,Warning
PLANT_0125,58.8,9,5.14,166.53,3.38,26.1,0.65,6.1,1,Contentment
PLANT_0126,82.86,1,9.61,148.98,1.53,22.8,0.79,6.3,1,Warning
PLANT_0127,35.14,5,2.76,174.58,4.6,30.7,0.38,9.8,1,Distress
PLANT_0128,41.51,4,10.65,166.96,5.64,17.8,0.66,0.2,0,Distress
PLANT_0129,51.49,8,32.43,156.66,4.46,20.9,0.36,5.0,0,Invitation
PLANT_0130,42.45,1,13.04,138.71,3.78,21.3,0.92,5.3,0,Distress
PLANT_0131,26.74,9,0.36,222.43,3.66,25.1,0.42,8.9,1,Warning
PLANT_0132,51.03,6,10.94,277.8,5.23,28.4,0.63,7.0,0,Contentment
PLANT_0133,34.07,4,0.55,198.05,3.22,22.4,0.53,7.0,1,Invitation
PLANT_0134,57.1,9,67.77,211.12,4.34,21.3,1.0,8.5,0,Warning
PLANT_0135,36.21,5,2.73,226.82,6.5,14.6,0.55,5.6,0,Distress
PLANT_0136,73.25,5,24.6,218.33,2.4,22.6,0.4,7.3,1,Distress
PLANT_0137,38.25,5,72.07,157.65,4.91,18.7,0.63,4.9,0,Contentment
PLANT_0138,45.17,1,34.98,285.99,1.42,25.1,0.62,3.9,0,Contentment
PLANT_0139,62.2,1,24.03,162.13,5.46,20.0,0.47,9.6,1,Contentment
PLANT_0140,31.54,8,36.58,232.4,3.04,20.8,0.28,6.7,0,Invitation
PLANT_0141,53.41,8,80.13,226.51,7.04,14.7,0.39,7.3,0,Contentment
PLANT_0142,69.61,6,19.42,102.08,2.05,12.9,0.68,3.8,0,Invitation
PLANT_0143,25.89,4,16.38,182.06,5.88,31.3,0.15,7.0,1,Contentment
PLANT_0144,52.77,2,19.79,202.83,7.44,22.6,0.45,9.6,1,Invitation
PLANT_0145,53.9,2,15.21,206.66,2.94,24.0,0.7,5.4,1,Warning
PLANT_0146,61.73,9,20.16,215.07,3.28,17.4,0.48,3.5,0,Warning
PLANT_0147,31.45,5,11.95,237.88,3.11,26.4,0.93,6.4,0,Invitation
PLANT_0148,30.19,4,4.93,199.62,4.03,25.5,0.15,3.9,1,Invitation
PLANT_0149,57.83,10,2.56,217.73,6.03,18.0,0.31,2.9,1,Contentment
PLANT_0150,54.45,1,1.42,197.75,3.86,16.7,0.04,4.5,0,Distress
PLANT_0151,53.76,7,6.11,149.13,2.76,18.3,0.9,5.0,0,Invitation
PLANT_0152,55.2,3,0.94,201.62,0.96,21.9,0.31,4.0,1,Warning
PLANT_0153,39.8,6,16.75,237.45,8.2,22.8,0.1,8.7,1,Contentment
PLANT_0154,53.48,5,6.68,255.44,8.36,22.2,0.38,9.8,0,Invitation
PLANT_0155,54.4,5,34.81,226.87,6.12,28.5,0.22,7.2,0,Contentment
PLANT_0156,39.28,5,1.54,266.72,3.38,18.4,0.38,6.8,0,Contentment
PLANT_0157,77.99,1,5.13,220.94,6.5,16.6,0.51,5.7,0,Distress
PLANT_0158,57.11,1,26.2,243.19,6.9,22.0,0.66,4.2,1,Contentment
PLANT_0159,32.13,3,18.27,246.87,4.49,13.5,0.47,9.2,1,Warning
PLANT_0160,59.85,10,1.33,188.83,5.08,25.5,0.51,5.9,1,Invitation
PLANT_0161,35.38,4,41.95,236.3,7.46,22.5,0.38,5.1,0,Contentment
PLANT_0162,61.81,5,41.95,152.97,1.72,20.3,0.2,8.0,0,Invitation
PLANT_0163,67.38,2,8.02,217.49,7.0,20.0,0.13,5.9,0,Invitation
PLANT_0164,37.69,8,8.32,228.85,4.38,26.5,0.43,8.0,0,Warning
PLANT_0165,64.45,2,90.25,252.55,2.77,26.4,0.52,5.2,1,Warning
PLANT_0166,56.19,9,19.68,241.04,2.94,20.8,0.41,8.0,0,Contentment
PLANT_0167,62.33,2,15.16,253.21,3.27,25.0,0.14,8.0,0,Contentment
PLANT_0168,78.45,9,36.42,195.03,2.58,26.3,0.54,8.6,0,Distress
PLANT_0169,46.32,7,6.72,182.73,8.54,23.7,0.83,4.6,1,Distress
PLANT_0170,38.69,8,11.21,186.26,5.98,21.0,0.48,5.8,1,Contentment
PLANT_0171,36.66,2,6.23,213.31,7.13,23.9,0.38,9.9,1,Contentment
PLANT_0172,37.76,7,31.13,109.56,6.12,16.8,0.49,5.5,0,Contentment
PLANT_0173,48.84,6,17.04,266.59,5.12,22.4,0.28,7.6,1,Contentment
PLANT_0174,55.12,4,21.51,202.19,5.15,20.8,0.27,10.6,0,Contentment
PLANT_0175,54.15,7,5.82,179.25,4.2,20.1,0.59,2.3,0,Warning
PLANT_0176,62.41,4,4.98,73.51,4.37,13.4,0.7,5.4,1,Distress
PLANT_0177,50.2,2,13.4,198.16,2.18,16.9,0.47,6.0,0,Warning
PLANT_0178,71.8,10,26.76,190.08,7.16,19.6,0.11,2.4,1,Contentment
PLANT_0179,46.03,7,14.9,155.15,1.37,26.5,0.57,5.1,0,Distress
PLANT_0180,90.8,8,0.66,166.35,2.88,23.4,0.91,4.1,1,Warning
PLANT_0181,59.39,2,40.58,198.67,9.02,26.7,0.45,7.7,1,Contentment
PLANT_0182,37.14,5,1.34,170.59,5.27,28.2,0.46,2.5,1,Contentment
PLANT_0183,33.94,1,62.39,228.59,5.36,23.6,0.33,9.8,1,Warning
PLANT_0184,57.24,7,0.51,162.56,6.27,22.7,0.6,7.4,1,Warning
PLANT_0185,46.65,8,23.71,207.73,1.92,17.1,0.37,3.9,0,Invitation
PLANT_0186,60.71,6,1.72,259.0,2.21,31.9,0.7,8.1,1,Contentment
PLANT_0187,57.1,5,48.31,198.17,4.11,14.9,0.37,7.2,1,Invitation
PLANT_0188,48.91,6,12.49,217.8,3.19,22.6,0.57,5.9,0,Contentment
PLANT_0189,37.3,2,2.96,214.63,4.85,26.2,0.49,4.6,1,Contentment
PLANT_0190,27.28,1,8.34,200.4,5.97,26.2,0.81,7.1,1,Contentment
PLANT_0191,43.3,7,3.6,196.65,7.78,16.2,0.58,6.2,1,Contentment
PLANT_0192,62.85,7,3.74,171.43,6.62,19.9,0.78,4.6,0,Contentment
PLANT_0193,53.21,10,59.17,207.55,3.01,18.0,0.52,3.3,1,Contentment
PLANT_0194,31.31,10,11.78,185.84,4.25,12.1,0.47,4.3,0,Contentment
PLANT_0195,52.6,2,31.1,277.3,3.71,22.7,0.49,5.0,0,Warning
PLANT_0196,55.78,2,20.41,240.56,2.97,18.4,0.35,8.3,1,Contentment
PLANT_0197,36.74,1,22.57,127.36,2.51,29.5,0.61,7.7,0,Contentment
PLANT_0198,52.31,10,2.82,130.14,8.33,25.1,0.36,5.1,1,Contentment
PLANT_0199,50.87,8,5.34,193.48,5.02,22.2,0.52,5.2,0,Distress
PLANT_0200,32.86,8,30.91,180.23,4.55,19.6,0.67,8.0,0,Invitation
PLANT_0201,55.37,1,70.65,190.84,5.97,22.6,0.82,6.5,0,Contentment
PLANT_0202,58.41,8,6.09,232.56,6.07,20.7,0.53,6.5,1,Warning
PLANT_0203,66.25,9,6.34,215.79,7.24,22.3,0.67,4.6,1,Contentment
PLANT_0204,65.81,4,12.81,215.28,3.51,31.5,0.65,5.8,0,Invitation
PLANT_0205,29.33,1,82.5,272.31,5.81,16.7,0.42,6.0,0,Warning
PLANT_0206,35.93,1,6.27,130.56,3.18,21.2,0.92,5.8,0,Distress
PLANT_0207,57.73,3,10.45,205.2,4.62,25.5,0.38,7.5,1,Contentment
PLANT_0208,57.71,5,44.42,171.05,5.11,20.0,0.52,7.5,0,Warning
PLANT_0209,57.73,5,0.06,271.77,5.31,29.9,0.79,4.2,1,Contentment
PLANT_0210,107.79,9,0.81,89.53,5.22,25.4,0.79,5.0,1,Contentment
PLANT_0211,58.56,10,18.53,91.73,6.6,18.4,0.5,4.6,1,Invitation
PLANT_0212,67.03,2,47.59,215.23,3.81,23.0,0.7,8.8,1,Contentment
PLANT_0213,64.31,2,5.46,256.31,5.36,18.5,0.46,10.5,1,Contentment
PLANT_0214,59.77,6,12.68,238.66,3.48,18.0,0.4,5.1,0,Contentment
PLANT_0215,45.27,9,11.97,159.95,10.84,21.3,0.26,5.7,1,Distress
PLANT_0216,61.38,1,12.81,275.32,3.17,28.3,0.64,7.7,1,Contentment
PLANT_0217,38.41,9,19.48,138.43,3.6,25.7,0.67,4.6,0,Warning
PLANT_0218,46.45,9,12.69,265.37,6.77,21.9,0.39,7.7,1,Contentment
PLANT_0219,42.72,9,11.86,145.04,4.14,25.9,0.55,6.0,0,Warning
PLANT_0220,51.23,5,12.86,182.41,6.77,23.3,1.0,2.5,0,Distress
PLANT_0221,84.72,9,17.87,231.96,5.31,16.2,0.73,3.4,0,Warning
PLANT_0222,21.99,4,15.4,126.69,4.19,21.3,0.32,5.3,1,Contentment
PLANT_0223,60.29,2,38.5,273.45,3.49,21.6,0.7,8.4,1,Contentment
PLANT_0224,25.81,6,1.02,182.1,3.42,25.8,0.32,4.2,1,Invitation
PLANT_0225,42.92,4,35.83,206.86,4.22,19.2,0.0,4.9,0,Contentment
PLANT_0226,66.33,6,37.15,258.11,4.65,17.4,0.5,6.4,1,Contentment
PLANT_0227,50.96,3,6.71,160.34,3.34,21.8,0.81,2.7,0,Invitation
PLANT_0228,33.83,6,12.43,253.04,4.78,18.8,0.78,6.6,1,Contentment
PLANT_0229,39.27,2,11.54,282.03,2.81,20.4,0.58,2.9,0,Invitation
PLANT_0230,60.19,2,4.93,167.22,6.51,21.6,0.39,7.1,0,Warning
PLANT_0231,39.04,9,10.11,268.47,6.89,20.1,0.6,4.4,0,Contentment
PLANT_0232,53.25,7,0.91,111.97,3.59,26.8,0.45,4.1,1,Distress
PLANT_0233,50.68,3,6.51,219.48,3.48,29.1,0.4,6.5,1,Invitation
PLANT_0234,40.23,1,33.93,138.57,5.36,26.3,0.71,7.6,1,Contentment
PLANT_0235,82.16,8,6.7,247.13,7.53,13.1,0.39,6.8,1,Invitation
PLANT_0236,59.51,6,34.1,243.02,7.97,18.8,0.73,6.4,1,Contentment
PLANT_0237,19.62,7,15.17,303.87,2.19,21.1,0.38,6.4,1,Invitation
PLANT_0238,52.8,9,42.38,271.06,7.01,12.8,0.91,6.8,1,Contentment
PLANT_0239,40.07,5,17.1,191.71,4.88,17.6,0.17,6.9,0,Contentment
PLANT_0240,62.79,1,0.6,145.91,4.92,21.0,0.31,5.2,0,Invitation
PLANT_0241,38.11,10,22.5,228.28,6.01,19.8,0.47,7.3,1,Invitation
PLANT_0242,48.28,7,0.92,196.96,4.04,22.0,0.1,4.4,1,Contentment
PLANT_0243,57.57,5,11.98,277.56,7.19,15.1,0.0,8.2,0,Warning
PLANT_0244,62.99,3,53.02,91.68,7.85,19.7,0.1,7.6,1,Warning
PLANT_0245,32.0,9,3.61,309.4,7.92,22.8,0.44,10.4,1,Contentment
PLANT_0246,44.98,1,9.88,226.6,1.31,22.1,0.45,7.0,0,Warning
PLANT_0247,42.88,1,26.18,159.35,4.54,24.2,0.57,7.8,1,Contentment
PLANT_0248,40.2,1,42.79,236.7,1.13,23.9,0.46,2.9,1,Contentment
PLANT_0249,76.48,3,22.23,264.87,3.47,20.0,0.56,7.9,1,Distress
PLANT_0250,56.07,6,5.97,205.72,0.21,22.6,0.41,8.4,0,Warning
PLANT_0251,31.09,10,22.45,111.75,5.9,18.0,0.64,9.0,1,Contentment
PLANT_0252,63.77,3,7.04,185.31,5.44,20.6,0.62,6.2,1,Contentment
PLANT_0253,81.83,8,25.35,251.97,4.13,16.7,0.43,5.3,1,Distress
PLANT_0254,65.49,10,61.6,224.83,3.42,27.3,0.61,3.8,1,Contentment
PLANT_0255,27.21,2,25.56,192.17,5.63,20.6,0.46,4.0,0,Contentment
PLANT_0256,42.74,9,39.74,265.42,2.98,27.3,0.2,5.9,1,Distress
PLANT_0257,69.0,3,0.04,236.97,2.84,23.6,0.68,2.5,0,Invitation
PLANT_0258,39.38,5,25.29,240.82,2.6,17.6,0.32,4.5,1,Distress
PLANT_0259,56.66,10,35.39,179.47,4.59,23.3,0.68,6.2,1,Invitation
PLANT_0260,61.62,8,0.83,174.63,3.84,26.0,0.56,6.1,1,Distress
PLANT_0261,36.1,2,41.05,115.0,4.23,21.6,0.48,4.1,1,Distress
PLANT_0262,49.11,6,5.93,187.03,6.04,22.4,0.12,3.5,1,Warning
PLANT_0263,1.38,5,21.89,246.77,6.93,19.2,0.81,3.8,0,Contentment
PLANT_0264,34.63,10,32.22,189.8,7.9,22.1,0.43,5.6,1,Contentment
PLANT_0265,46.21,9,21.73,222.28,5.12,23.2,0.63,10.3,0,Contentment
PLANT_0266,31.28,5,1.94,255.56,5.7,19.1,0.48,8.1,1,Contentment
PLANT_0267,74.49,2,18.14,218.64,5.38,16.6,0.45,6.4,0,Contentment
PLANT_0268,28.55,5,15.95,223.53,1.65,28.4,0.54,7.1,1,Distress
PLANT_0269,43.4,4,46.12,132.11,4.26,25.0,0.51,8.0,1,Contentment
PLANT_0270,51.96,7,10.36,183.87,4.27,19.3,0.45,7.4,1,Contentment
PLANT_0271,71.62,6,7.75,286.33,3.98,23.1,0.49,5.4,0,Invitation
PLANT_0272,28.46,2,27.71,205.19,4.92,14.6,0.59,4.3,1,Contentment
PLANT_0273,67.45,5,10.64,294.84,4.56,12.1,0.6,5.7,1,Contentment
PLANT_0274,50.15,7,20.77,163.84,3.03,27.4,0.51,8.0,1,Contentment
PLANT_0275,35.28,7,20.79,211.7,4.7,23.1,0.62,5.5,1,Invitation
PLANT_0276,56.93,5,43.79,180.87,3.72,21.8,0.42,3.8,1,Contentment
PLANT_0277,52.99,9,18.26,229.6,-0.24,23.2,0.94,2.6,1,Distress
PLANT_0278,41.0,4,13.95,244.75,2.21,38.1,0.8,5.8,0,Warning
PLANT_0279,51.05,3,2.99,230.12,5.18,26.3,0.65,3.9,1,Contentment
PLANT_0280,44.22,4,2.46,252.09,7.18,16.8,0.11,5.1,1,Contentment
PLANT_0281,51.7,5,3.35,199.34,0.15,13.6,0.62,8.9,1,Distress
PLANT_0282,59.93,6,3.77,190.47,3.26,27.3,0.43,5.9,0,Invitation
PLANT_0283,73.79,3,20.32,112.09,5.86,26.3,0.3,4.5,1,Distress
PLANT_0284,31.43,2,27.02,231.92,6.76,24.9,0.43,6.6,1,Distress
PLANT_0285,82.0,4,15.1,208.61,4.16,17.9,0.33,9.8,0,Contentment
PLANT_0286,20.72,5,35.32,196.6,3.63,23.8,0.6,5.8,1,Distress
PLANT_0287,47.72,4,94.8,190.46,7.44,18.4,0.82,1.3,0,Contentment
PLANT_0288,58.82,3,34.3,198.16,6.59,25.3,0.67,7.3,0,Distress
PLANT_0289,54.21,8,23.74,188.19,6.72,26.9,1.0,6.7,1,Contentment
PLANT_0290,40.66,10,15.21,173.6,4.06,19.3,0.19,6.2,1,Warning
PLANT_0291,46.88,4,11.92,211.98,7.23,27.7,0.4,5.6,0,Contentment
PLANT_0292,42.6,2,1.76,224.21,1.11,22.6,0.31,4.4,1,Contentment
PLANT_0293,41.16,2,10.2,161.47,7.26,24.5,0.75,9.0,1,Contentment
PLANT_0294,62.74,1,48.19,179.96,4.87,15.5,0.46,2.3,1,Distress
PLANT_0295,55.36,4,33.01,189.77,5.26,23.2,0.54,5.4,1,Warning
PLANT_0296,39.61,10,4.87,200.24,3.11,18.6,0.63,5.3,1,Contentment
PLANT_0297,63.49,9,12.57,193.59,1.37,24.4,0.21,7.7,1,Distress
PLANT_0298,54.61,7,33.94,232.99,5.22,29.3,0.38,8.5,0,Contentment
PLANT_0299,62.19,10,1.4,117.38,6.1,23.4,0.7,5.5,1,Distress
PLANT_0300,59.44,7,9.8,126.25,6.41,17.5,0.39,6.4,1,Contentment
PLANT_0301,37.57,7,38.19,209.68,6.19,25.1,0.16,6.6,1,Invitation
PLANT_0302,41.6,8,10.35,169.87,5.74,24.0,0.32,8.1,0,Contentment
PLANT_0303,61.21,1,1.62,244.21,3.15,32.3,0.44,8.1,1,Warning
PLANT_0304,59.16,10,15.64,258.49,6.53,23.3,0.53,4.9,0,Contentment
PLANT_0305,49.69,10,39.57,211.69,2.93,19.1,0.49,6.9,1,Warning
PLANT_0306,51.76,8,17.85,146.4,7.21,25.9,0.38,6.8,0,Invitation
PLANT_0307,69.16,4,5.13,252.73,4.83,21.4,0.69,5.8,1,Warning
PLANT_0308,41.13,4,9.7,209.95,4.9,22.4,0.47,6.7,1,Contentment
PLANT_0309,58.21,4,11.96,125.65,6.73,17.4,0.54,6.0,1,Contentment
PLANT_0310,46.97,6,17.32,130.07,7.0,21.4,0.39,6.3,0,Invitation
PLANT_0311,46.73,7,28.49,275.85,6.54,22.2,0.8,3.3,0,Contentment
PLANT_0312,66.48,6,2.08,267.56,3.36,21.4,0.42,4.2,0,Invitation
PLANT_0313,62.38,1,44.08,74.14,6.53,19.0,0.51,7.6,0,Warning
PLANT_0314,62.2,8,0.25,132.11,3.37,23.4,0.71,3.6,1,Warning
PLANT_0315,69.58,10,9.24,257.04,6.58,17.4,0.56,6.9,0,Contentment
PLANT_0316,50.32,7,0.56,199.08,2.15,16.2,0.55,5.8,1,Invitation
PLANT_0317,60.23,6,9.98,235.09,4.81,25.5,0.11,8.1,0,Invitation
PLANT_0318,45.35,6,14.92,196.9,3.36,25.1,0.64,7.3,1,Warning
PLANT_0319,54.86,5,14.34,232.72,6.74,15.5,0.51,5.1,1,Warning
PLANT_0320,48.05,6,3.62,200.29,7.23,12.9,0.61,5.6,0,Distress
PLANT_0321,51.45,9,20.75,178.12,5.4,17.0,0.54,2.0,1,Warning
PLANT_0322,58.93,10,0.92,252.94,5.33,21.4,0.39,5.7,0,Warning
PLANT_0323,37.73,9,28.7,210.1,6.41,27.8,0.68,3.5,0,Warning
PLANT_0324,81.39,10,58.62,232.62,7.24,21.2,0.54,5.6,1,Warning
PLANT_0325,34.91,8,8.3,207.87,5.07,18.2,0.24,4.7,1,Contentment
PLANT_0326,31.79,10,14.56,175.68,4.0,22.7,0.76,4.2,1,Warning
PLANT_0327,67.37,9,9.53,280.42,6.29,21.4,0.21,8.4,1,Contentment
PLANT_0328,61.87,10,0.13,217.75,1.28,15.1,0.68,3.4,1,Invitation
PLANT_0329,59.36,8,9.75,182.25,6.82,15.1,0.8,4.1,1,Contentment
PLANT_0330,59.43,8,31.38,263.92,3.58,15.3,0.28,4.6,1,Distress
PLANT_0331,49.82,1,18.13,133.96,4.52,34.4,0.48,5.0,1,Warning
PLANT_0332,36.54,10,2.14,311.81,6.83,26.3,0.46,4.2,0,Distress
PLANT_0333,51.14,5,37.56,191.04,4.17,19.0,0.47,5.3,0,Contentment
PLANT_0334,39.84,4,15.15,136.6,6.29,27.5,0.87,6.6,1,Distress
PLANT_0335,64.63,2,36.87,295.3,7.28,19.2,0.28,7.3,1,Warning
PLANT_0336,47.79,8,17.36,176.84,5.22,27.4,0.44,7.2,0,Invitation
PLANT_0337,37.62,3,16.41,212.16,5.62,22.4,0.8,2.2,1,Contentment
PLANT_0338,45.18,4,2.22,235.88,4.76,18.7,0.44,6.8,0,Contentment
PLANT_0339,56.19,7,3.66,259.21,5.23,25.4,0.31,6.9,1,Invitation
PLANT_0340,41.54,10,71.53,214.99,2.77,22.7,0.55,4.7,0,Contentment
PLANT_0341,37.67,9,5.19,167.63,4.41,24.0,0.66,9.3,1,Contentment
PLANT_0342,53.66,2,75.84,210.95,2.42,23.1,0.42,8.2,1,Invitation
PLANT_0343,53.67,3,15.18,179.03,3.2,23.0,0.61,5.6,0,Contentment
PLANT_0344,42.4,4,2.92,212.45,0.99,26.0,0.22,4.8,1,Warning
PLANT_0345,42.93,10,2.09,281.41,5.53,34.9,0.24,9.3,1,Invitation
PLANT_0346,53.48,1,4.69,237.8,8.38,28.2,0.41,6.0,0,Contentment
PLANT_0347,28.28,7,51.98,210.33,4.09,23.1,0.62,6.2,0,Invitation
PLANT_0348,28.89,2,10.69,236.92,6.93,20.4,0.65,6.1,0,Warning
PLANT_0349,39.22,5,10.06,240.5,7.25,21.0,0.26,10.6,1,Distress
PLANT_0350,46.8,1,7.51,146.11,2.6,15.7,0.64,5.6,1,Contentment
PLANT_0351,54.66,3,3.18,202.09,3.03,25.3,0.53,6.0,0,Invitation
PLANT_0352,72.13,2,13.38,328.13,6.98,16.9,0.32,4.3,1,Contentment
PLANT_0353,62.86,1,2.79,260.64,4.82,20.1,0.23,5.2,0,Warning
PLANT_0354,47.6,7,36.09,174.83,2.42,25.4,0.55,3.9,1,Distress
PLANT_0355,49.71,5,9.25,169.84,3.73,20.8,0.76,4.4,0,Warning
PLANT_0356,34.96,1,9.39,168.17,5.84,19.5,0.51,2.4,1,Distress
PLANT_0357,49.72,6,12.85,243.32,3.41,16.0,0.31,7.8,1,Invitation
PLANT_0358,45.67,5,11.74,280.38,-0.55,28.0,0.13,6.3,1,Contentment
PLANT_0359,54.84,3,105.41,229.11,4.36,17.8,0.81,6.5,1,Distress
PLANT_0360,37.59,7,15.77,207.86,4.52,19.1,0.71,5.9,1,Warning
PLANT_0361,57.79,10,1.85,177.79,5.02,13.0,0.56,6.1,0,Contentment
PLANT_0362,72.99,9,18.67,216.47,7.52,21.9,0.8,9.2,1,Contentment
PLANT_0363,48.37,9,3.29,158.99,5.11,20.3,0.54,4.5,1,Distress
PLANT_0364,56.03,9,0.63,103.21,5.49,22.9,0.39,6.6,1,Warning
PLANT_0365,60.35,2,70.63,281.84,7.11,16.1,0.61,6.5,1,Distress
PLANT_0366,43.98,3,29.7,149.71,5.02,25.7,0.33,8.3,1,Warning
PLANT_0367,53.36,7,78.35,183.76,9.27,12.8,0.3,6.9,1,Distress
PLANT_0368,50.19,5,13.0,232.82,2.47,21.5,0.65,7.0,0,Warning
PLANT_0369,51.47,2,15.2,271.72,3.13,22.6,0.67,3.5,1,Invitation
PLANT_0370,38.4,3,3.69,212.86,6.23,22.3,0.25,4.4,1,Warning
PLANT_0371,50.37,10,5.67,140.31,7.51,22.8,0.25,3.7,1,Contentment
PLANT_0372,57.47,6,36.47,184.93,4.6,25.9,0.41,1.0,1,Contentment
PLANT_0373,71.77,7,8.81,166.08,2.98,28.6,0.36,6.8,1,Distress
PLANT_0374,64.39,9,35.07,198.09,8.52,21.2,0.6,5.5,0,Contentment
PLANT_0375,82.3,1,24.69,261.6,3.42,17.2,0.51,6.8,1,Distress
PLANT_0376,38.49,7,3.9,73.13,5.68,24.8,0.73,6.1,1,Contentment
PLANT_0377,63.08,8,14.16,179.43,7.63,20.6,0.56,6.5,1,Distress
PLANT_0378,52.75,3,22.63,175.8,4.12,28.3,0.37,8.7,0,Warning
PLANT_0379,82.85,4,5.36,137.16,3.76,19.0,0.12,6.0,0,Contentment
PLANT_0380,37.88,10,35.52,229.27,3.89,17.7,0.54,7.3,0,Contentment
PLANT_0381,37.4,6,15.74,129.25,6.8,22.7,0.16,5.4,1,Warning
PLANT_0382,41.01,10,3.61,135.01,7.12,13.3,0.37,7.6,1,Warning
PLANT_0383,18.14,7,17.49,242.55,5.07,19.7,0.36,3.5,0,Invitation
PLANT_0384,42.11,4,163.18,275.03,8.77,20.4,0.4,2.3,1,Invitation
PLANT_0385,38.61,8,3.26,196.2,5.06,23.1,0.24,10.2,1,Distress
PLANT_0386,52.26,5,33.94,139.13,7.58,17.0,0.35,9.7,1,Contentment
PLANT_0387,55.13,1,4.65,164.72,4.14,17.6,0.73,2.1,0,Contentment
PLANT_0388,78.14,4,30.5,250.4,9.67,27.8,0.73,5.9,1,Distress
PLANT_0389,64.26,3,26.53,205.82,8.14,21.9,0.81,6.3,0,Warning
PLANT_0390,41.35,9,7.15,194.95,4.74,26.3,0.5,7.4,1,Invitation
PLANT_0391,36.52,8,7.89,215.65,7.87,19.3,0.55,9.5,0,Contentment
PLANT_0392,57.38,1,31.45,198.12,7.77,21.7,0.73,3.9,1,Invitation
PLANT_0393,30.2,6,12.38,277.29,8.11,23.1,0.21,4.0,1,Contentment
PLANT_0394,77.47,9,26.25,162.54,0.04,30.7,0.66,6.0,0,Distress
PLANT_0395,67.69,7,3.2,156.8,6.44,20.9,0.76,4.1,0,Warning
PLANT_0396,42.96,4,38.29,130.83,6.08,21.2,0.32,0.6,1,Invitation
PLANT_0397,24.3,1,24.82,173.0,5.94,27.5,0.78,5.5,1,Contentment
PLANT_0398,70.31,2,47.49,145.4,5.44,20.1,0.91,7.7,1,Distress
PLANT_0399,48.28,5,2.84,210.9,5.5,23.4,0.66,6.0,0,Invitation
PLANT_0400,68.57,5,17.98,201.05,7.57,27.1,0.62,7.2,0,Warning
PLANT_0401,26.08,8,18.28,146.05,6.08,19.1,0.28,7.0,1,Contentment
PLANT_0402,41.01,6,8.72,229.46,5.43,23.7,0.71,3.9,0,Contentment
PLANT_0403,50.08,8,12.27,275.84,7.28,30.7,0.29,6.1,1,Contentment
PLANT_0404,50.7,2,0.77,217.89,5.84,26.6,0.57,2.9,0,Contentment
PLANT_0405,43.25,3,27.4,72.83,6.03,23.4,0.59,5.0,1,Contentment
PLANT_0406,59.34,6,15.94,299.36,8.73,20.9,0.0,6.1,0,Contentment
PLANT_0407,33.99,10,1.19,237.35,4.13,19.0,0.58,6.0,0,Distress
PLANT_0408,47.86,3,22.84,297.82,1.97,17.1,1.0,3.4,1,Distress
PLANT_0409,51.8,6,12.58,254.54,5.14,29.5,0.08,3.8,1,Contentment
PLANT_0410,57.72,6,0.7,264.53,5.43,28.6,0.49,6.6,0,Invitation
PLANT_0411,60.67,2,69.87,210.26,6.44,18.7,0.11,7.7,0,Invitation
PLANT_0412,33.13,7,59.56,186.89,5.21,23.7,0.32,5.6,0,Contentment
PLANT_0413,26.99,2,14.39,218.67,6.51,22.6,0.11,5.5,1,Contentment
PLANT_0414,69.17,6,1.97,164.56,10.01,27.9,0.53,7.9,1,Contentment
PLANT_0415,54.98,1,28.1,221.69,6.6,23.9,0.66,4.5,0,Distress
PLANT_0416,38.77,3,13.54,68.66,6.95,21.9,0.58,9.5,1,Distress
PLANT_0417,73.27,2,7.2,202.15,4.74,19.3,0.31,3.3,1,Warning
PLANT_0418,51.74,7,13.52,267.23,2.23,23.7,0.38,8.1,1,Distress
PLANT_0419,67.69,4,14.78,204.72,0.4,20.3,0.55,7.1,1,Contentment
PLANT_0420,51.01,8,16.54,286.37,3.96,23.1,0.32,10.8,0,Warning
PLANT_0421,80.91,6,11.64,186.81,-0.16,21.6,0.23,3.8,0,Distress
PLANT_0422,76.33,10,18.62,250.13,6.03,20.1,0.45,1.3,0,Distress
PLANT_0423,46.27,4,50.2,156.09,4.23,17.1,0.31,8.5,1,Contentment
PLANT_0424,64.57,5,9.0,248.1,2.37,24.6,0.58,3.1,1,Contentment
PLANT_0425,59.68,9,25.87,211.63,5.26,22.2,0.76,7.2,1,Invitation
PLANT_0426,70.53,7,44.97,189.01,3.52,30.9,1.0,8.4,0,Contentment
PLANT_0427,35.53,10,12.18,71.31,5.9,16.8,0.57,6.8,1,Distress
PLANT_0428,60.29,9,11.72,187.28,6.42,25.1,0.63,6.5,0,Warning
PLANT_0429,65.88,7,18.43,210.67,3.6,21.6,0.38,6.8,0,Warning
PLANT_0430,23.62,1,17.9,241.44,4.53,32.5,0.39,7.7,1,Contentment
PLANT_0431,32.25,8,32.86,278.05,5.43,24.7,0.76,7.2,0,Contentment
PLANT_0432,19.41,4,12.94,301.75,2.19,23.6,0.44,3.6,0,Distress
PLANT_0433,45.96,3,111.05,262.31,5.43,21.6,0.51,9.6,1,Contentment
PLANT_0434,60.76,7,1.23,171.9,2.14,18.5,0.74,6.1,0,Contentment
PLANT_0435,72.54,3,0.06,184.76,6.13,23.6,0.45,7.0,0,Contentment
PLANT_0436,51.11,8,20.44,236.95,4.13,15.1,0.8,7.4,0,Contentment
PLANT_0437,74.43,6,7.09,225.98,2.13,15.3,0.61,8.3,1,Invitation
PLANT_0438,29.3,5,5.5,281.42,3.84,27.1,0.59,8.1,1,Distress
PLANT_0439,24.45,4,7.48,323.97,3.92,13.2,0.37,6.3,0,Warning
PLANT_0440,49.17,8,5.92,313.36,7.14,20.4,0.6,6.1,1,Distress
PLANT_0441,55.76,8,0.63,274.7,5.35,16.8,0.41,6.8,0,Distress
PLANT_0442,49.51,1,71.18,226.4,3.09,20.0,0.59,8.2,1,Distress
PLANT_0443,18.99,9,4.99,267.47,8.3,22.9,0.48,3.8,1,Warning
PLANT_0444,48.66,5,26.49,283.07,6.25,26.9,0.69,7.3,1,Contentment
PLANT_0445,30.43,4,28.76,192.63,4.33,28.1,0.49,4.2,1,Warning
PLANT_0446,60.05,6,52.97,173.37,1.89,17.4,0.91,9.7,1,Invitation
PLANT_0447,55.5,6,0.62,161.63,4.15,19.7,0.44,6.7,1,Distress
PLANT_0448,35.9,2,41.12,156.18,4.56,42.3,0.39,5.2,1,Contentment
PLANT_0449,42.29,8,14.98,130.9,5.74,20.7,0.57,6.9,1,Contentment
PLANT_0450,34.11,7,20.02,212.5,6.21,17.6,0.72,6.0,0,Warning
PLANT_0451,49.06,1,20.68,150.01,6.61,18.4,0.71,5.7,0,Warning
PLANT_0452,64.33,5,34.27,160.82,1.78,20.8,0.53,2.4,0,Invitation
PLANT_0453,35.21,6,8.11,235.06,5.42,20.0,0.57,4.0,0,Warning
PLANT_0454,57.56,4,26.41,209.08,4.68,20.8,0.57,5.7,1,Warning
PLANT_0455,42.05,2,15.04,221.48,10.36,21.9,0.28,2.6,1,Invitation
PLANT_0456,38.11,4,31.54,268.26,5.13,21.9,0.7,4.8,1,Contentment
PLANT_0457,48.39,1,93.23,243.23,3.75,17.2,0.25,5.0,0,Distress
PLANT_0458,34.47,7,4.48,275.94,5.22,23.8,0.28,4.4,0,Warning
PLANT_0459,41.7,2,104.61,204.0,4.98,22.6,0.51,7.5,1,Contentment
PLANT_0460,32.03,2,1.88,280.59,1.02,24.5,0.44,4.2,0,Contentment
PLANT_0461,79.47,9,0.05,217.99,5.82,13.4,0.66,6.2,0,Distress
PLANT_0462,50.53,5,0.9,208.44,4.38,22.8,0.59,5.3,1,Warning
PLANT_0463,39.5,2,8.36,273.08,4.95,12.1,0.53,5.8,1,Contentment
PLANT_0464,53.21,9,20.04,156.39,3.25,21.1,0.27,9.2,1,Distress
PLANT_0465,48.32,9,1.43,301.18,2.81,25.3,0.51,6.4,1,Contentment
PLANT_0466,46.69,1,0.11,185.89,6.76,27.2,0.49,6.7,1,Contentment
PLANT_0467,59.21,3,55.32,139.09,7.22,23.7,0.54,4.5,1,Warning
PLANT_0468,61.36,4,34.51,232.68,5.84,25.4,0.41,7.3,1,Warning
PLANT_0469,42.04,7,33.13,181.13,1.38,20.5,0.6,7.2,0,Distress
PLANT_0470,41.36,10,43.16,301.29,5.97,19.5,0.43,7.0,1,Distress
PLANT_0471,45.87,4,24.08,178.35,1.41,35.5,0.59,3.6,0,Invitation
PLANT_0472,15.47,2,2.21,215.72,3.68,26.1,0.66,4.8,0,Distress
PLANT_0473,27.27,7,10.19,128.72,6.73,16.1,0.39,8.9,1,Contentment
PLANT_0474,70.5,6,25.69,240.65,6.32,13.3,0.35,4.6,1,Invitation
PLANT_0475,74.67,3,6.58,161.13,5.91,19.7,0.6,9.1,1,Warning
PLANT_0476,46.26,6,23.26,234.67,7.63,28.0,0.24,4.9,1,Contentment
PLANT_0477,58.65,6,0.5,178.58,6.12,22.2,0.72,6.3,1,Contentment
PLANT_0478,54.67,5,7.31,97.65,0.96,10.9,0.5,5.6,1,Warning
PLANT_0479,96.18,4,15.93,206.56,4.26,21.1,0.48,4.3,1,Distress
PLANT_0480,66.79,10,20.0,204.32,4.92,22.0,0.61,4.3,0,Contentment
PLANT_0481,48.08,1,17.21,244.05,4.68,9.9,0.6,4.6,0,Contentment
PLANT_0482,35.67,10,23.93,277.8,3.77,22.1,0.5,6.3,1,Contentment
PLANT_0483,25.9,6,0.12,295.62,2.94,16.9,0.68,7.8,0,Contentment
PLANT_0484,53.05,2,2.13,243.21,9.8,12.8,0.37,6.2,1,Warning
PLANT_0485,38.65,3,40.64,213.93,4.22,30.0,0.64,5.9,1,Distress
PLANT_0486,28.67,8,22.9,128.63,9.7,16.7,0.28,8.4,1,Contentment
PLANT_0487,40.3,10,2.4,210.1,2.72,18.7,0.6,6.1,1,Invitation
PLANT_0488,33.78,6,36.91,210.75,6.31,18.6,0.43,4.9,1,Warning
PLANT_0489,75.31,3,5.55,190.07,5.46,22.0,0.24,4.0,0,Contentment
PLANT_0490,63.22,7,13.01,231.65,3.16,30.8,0.55,8.5,0,Distress
PLANT_0491,49.88,4,3.14,256.1,4.06,16.0,0.49,5.3,0,Invitation
PLANT_0492,72.2,9,24.77,159.08,4.97,20.5,0.19,4.8,1,Contentment
PLANT_0493,51.16,5,21.98,158.3,3.31,22.6,0.08,4.7,0,Distress
PLANT_0494,37.08,3,4.74,193.04,4.49,17.7,0.47,8.4,1,Invitation
PLANT_0495,72.85,2,39.81,169.24,0.27,20.4,0.82,4.9,1,Invitation
PLANT_0496,58.08,2,10.26,117.94,6.42,25.0,0.56,8.0,0,Distress
PLANT_0497,34.44,3,6.92,150.17,7.45,18.2,0.37,5.5,0,Distress
PLANT_0498,47.14,2,3.31,138.38,5.91,20.3,0.72,3.6,1,Contentment
PLANT_0499,36.87,4,6.19,260.42,9.53,19.8,0.68,5.3,1,Invitation
PLANT_0500,29.26,2,0.45,285.14,6.36,21.5,0.75,5.9,1,Contentment
PLANT_0501,63.89,10,17.51,145.23,7.29,23.2,0.64,5.8,1,Invitation
PLANT_0502,78.64,9,36.93,227.3,7.48,24.9,0.68,5.7,1,Warning
PLANT_0503,29.02,2,15.92,243.68,-0.5,31.7,0.65,5.4,1,Contentment
PLANT_0504,58.44,9,4.95,125.39,5.85,8.7,0.4,4.4,1,Contentment
PLANT_0505,40.24,6,0.68,208.05,2.23,21.2,0.17,6.0,1,Contentment
PLANT_0506,42.69,1,4.83,326.68,2.64,15.2,0.4,7.1,0,Contentment
PLANT_0507,41.11,4,10.76,233.86,2.99,20.1,0.72,3.1,1,Contentment
PLANT_0508,37.04,1,28.51,187.73,4.37,26.4,0.42,8.6,0,Distress
PLANT_0509,50.73,6,4.16,171.99,6.3,28.0,0.47,0.0,0,Distress
PLANT_0510,37.54,4,25.44,98.88,5.87,28.2,0.27,6.2,0,Contentment
PLANT_0511,54.06,3,40.34,223.52,4.97,28.2,0.39,6.9,1,Distress
PLANT_0512,49.25,3,12.1,297.39,6.45,21.1,0.5,4.8,0,Contentment
PLANT_0513,46.42,9,34.46,159.32,6.57,29.0,0.6,1.7,0,Warning
PLANT_0514,36.39,6,16.18,103.22,5.89,30.0,0.41,5.8,1,Distress
PLANT_0515,41.35,9,20.27,166.79,1.55,22.7,0.39,6.3,1,Invitation
PLANT_0516,61.33,5,14.94,244.08,3.52,27.9,0.67,3.7,1,Contentment
PLANT_0517,57.51,2,12.44,178.57,5.05,22.2,0.57,4.3,1,Contentment
PLANT_0518,35.34,8,5.35,158.98,6.47,29.1,0.59,7.9,1,Contentment
PLANT_0519,51.49,5,7.22,200.96,2.34,21.2,0.81,6.2,1,Contentment
PLANT_0520,61.27,2,6.85,211.49,4.98,19.0,0.4,3.0,0,Warning
PLANT_0521,24.96,4,16.57,130.58,1.87,16.4,0.49,6.9,1,Invitation
PLANT_0522,58.15,9,2.56,189.14,7.05,21.1,0.61,4.1,1,Invitation
PLANT_0523,40.06,4,49.73,175.14,5.48,22.4,0.33,4.5,1,Distress
PLANT_0524,58.56,4,25.51,167.95,2.31,17.3,0.55,6.4,1,Contentment
PLANT_0525,38.55,2,10.26,149.15,2.29,20.7,0.5,6.2,1,Distress
PLANT_0526,22.93,6,3.45,247.06,5.77,19.4,1.0,5.2,1,Contentment
PLANT_0527,25.59,2,42.74,167.78,7.75,16.6,0.52,5.0,0,Contentment
PLANT_0528,50.72,7,34.72,100.25,2.81,27.2,0.73,5.5,1,Warning
PLANT_0529,53.9,3,25.58,213.21,6.57,28.1,0.67,4.4,1,Distress
PLANT_0530,36.44,3,6.34,236.26,3.92,27.2,0.27,8.2,1,Invitation
PLANT_0531,59.58,5,10.3,160.2,6.65,21.6,0.19,2.9,1,Warning
PLANT_0532,25.08,3,2.17,172.02,6.37,21.9,0.55,5.5,0,Warning
PLANT_0533,49.01,2,4.19,167.55,5.31,16.7,0.75,3.1,0,Contentment
PLANT_0534,31.83,10,30.56,182.67,1.33,24.1,0.56,7.9,0,Invitation
PLANT_0535,40.22,9,25.11,255.34,6.36,22.8,0.52,5.5,1,Contentment
PLANT_0536,50.71,2,18.0,194.3,6.0,36.2,0.44,3.9,1,Contentment
PLANT_0537,37.09,2,45.21,241.98,5.82,27.4,0.24,7.4,0,Distress
PLANT_0538,44.23,8,17.51,151.56,5.39,23.6,0.31,1.4,0,Contentment
PLANT_0539,65.09,9,12.58,180.82,3.24,21.8,0.18,6.6,1,Warning
PLANT_0540,41.35,7,8.32,247.7,7.17,27.0,0.28,8.3,0,Warning
PLANT_0541,62.54,3,56.42,159.72,6.8,17.4,0.39,6.4,1,Distress
PLANT_0542,33.05,9,1.73,250.61,2.85,27.7,0.66,5.0,0,Contentment
PLANT_0543,57.95,3,53.44,168.58,7.63,16.6,0.41,3.5,1,Invitation
PLANT_0544,71.62,5,35.06,183.92,5.26,19.2,0.55,8.2,0,Distress
PLANT_0545,12.93,9,2.78,283.51,5.26,12.8,0.53,7.9,1,Warning
PLANT_0546,38.05,3,16.65,178.21,4.65,25.1,0.6,4.7,1,Contentment
PLANT_0547,58.66,7,40.28,207.27,4.84,23.2,0.29,4.8,0,Contentment
PLANT_0548,46.95,1,16.96,230.82,7.74,19.2,0.71,8.4,1,Warning
PLANT_0549,55.57,4,47.55,211.33,7.07,17.4,0.22,7.1,1,Invitation
PLANT_0550,40.94,4,57.29,212.75,7.02,28.9,0.41,2.4,1,Invitation
PLANT_0551,51.3,7,10.98,197.17,5.37,21.3,0.5,5.6,1,Contentment
PLANT_0552,47.66,8,9.47,134.89,6.78,18.2,0.65,5.5,0,Contentment
PLANT_0553,67.52,1,55.08,217.41,3.33,31.6,0.78,6.5,1,Warning
PLANT_0554,53.82,5,22.49,163.38,6.17,18.7,0.65,6.0,1,Contentment
PLANT_0555,55.06,7,2.47,238.79,4.69,27.7,0.78,5.0,1,Contentment
PLANT_0556,43.82,4,0.86,268.6,0.88,16.2,0.33,6.4,1,Contentment
PLANT_0557,42.69,4,16.63,109.72,1.83,20.2,0.74,5.1,0,Invitation
PLANT_0558,43.51,4,53.23,268.69,3.67,24.5,0.7,12.8,1,Warning
PLANT_0559,55.92,6,37.19,179.45,5.83,21.7,0.02,6.2,1,Contentment
PLANT_0560,43.69,7,22.53,193.45,3.68,23.2,0.46,6.0,0,Invitation
PLANT_0561,54.35,2,3.0,154.38,3.82,19.3,0.62,9.7,1,Contentment
PLANT_0562,81.13,5,5.87,209.42,6.53,14.0,0.4,3.3,1,Warning
PLANT_0563,63.07,4,41.67,203.34,3.89,29.3,0.28,5.8,0,Contentment
PLANT_0564,45.11,3,4.04,253.85,7.66,19.6,0.92,4.1,0,Contentment
PLANT_0565,68.02,7,6.53,162.93,7.33,23.4,0.52,7.3,1,Invitation
PLANT_0566,43.88,6,2.78,283.04,5.04,25.5,0.53,5.0,0,Invitation
PLANT_0567,19.43,7,22.55,233.24,6.51,23.5,0.24,7.2,0,Invitation
PLANT_0568,34.88,5,57.64,204.55,6.23,18.5,0.38,7.0,1,Invitation
PLANT_0569,21.94,6,6.27,190.96,4.51,27.8,0.32,7.6,0,Contentment
PLANT_0570,44.73,5,12.9,184.67,6.72,24.6,0.72,7.0,1,Invitation
PLANT_0571,50.28,7,20.12,187.93,7.02,23.0,0.6,5.6,1,Invitation
PLANT_0572,75.15,2,150.71,208.42,3.1,22.9,0.39,3.2,1,Contentment
PLANT_0573,54.9,5,2.21,189.55,5.31,30.4,0.61,8.0,1,Contentment
PLANT_0574,46.71,6,13.81,167.97,5.29,18.3,0.45,8.8,1,Contentment
PLANT_0575,62.44,6,9.73,208.72,6.7,24.1,0.55,4.1,0,Warning
PLANT_0576,16.83,5,40.17,158.19,4.11,19.4,0.55,7.5,1,Warning
PLANT_0577,53.53,10,12.92,216.12,3.8,12.3,0.58,3.7,1,Invitation
PLANT_0578,61.56,7,2.35,188.85,5.34,12.2,0.56,6.4,0,Invitation
PLANT_0579,27.82,10,20.13,234.84,7.36,16.9,0.58,6.8,1,Warning
PLANT_0580,67.16,8,29.46,249.45,2.6,18.7,0.75,5.1,1,Contentment
PLANT_0581,55.08,7,0.06,249.43,2.95,32.9,0.63,6.2,1,Invitation
PLANT_0582,43.77,5,39.17,215.91,3.96,25.5,0.43,7.7,1,Distress
PLANT_0583,59.49,1,4.12,221.74,4.31,25.9,0.48,5.8,1,Contentment
PLANT_0584,84.06,5,16.06,183.86,1.47,18.8,0.75,4.6,1,Distress
PLANT_0585,52.73,10,10.75,233.88,8.0,22.3,0.52,3.6,1,Invitation
PLANT_0586,53.72,2,25.43,239.53,4.74,33.5,0.43,5.2,0,Invitation
PLANT_0587,43.11,5,9.28,121.63,4.44,15.9,0.37,3.7,0,Contentment
PLANT_0588,37.25,5,40.77,218.92,8.25,24.3,0.55,5.2,1,Warning
PLANT_0589,62.46,2,26.22,268.41,6.44,30.1,0.33,5.1,1,Invitation
PLANT_0590,37.16,5,20.87,182.19,3.93,26.8,0.76,7.6,0,Warning
PLANT_0591,51.07,4,31.82,171.27,5.33,31.0,0.29,6.1,0,Distress
PLANT_0592,42.84,1,28.05,179.01,4.92,23.1,0.8,11.1,0,Warning
PLANT_0593,57.18,3,0.73,124.76,7.9,25.0,0.44,2.0,1,Contentment
PLANT_0594,55.0,1,10.04,206.3,4.67,22.5,0.28,6.6,1,Contentment
PLANT_0595,65.56,5,53.42,201.5,2.12,24.7,0.54,5.1,1,Warning
PLANT_0596,42.35,4,2.69,209.85,1.25,17.4,0.31,4.1,1,Invitation
PLANT_0597,45.95,7,26.72,220.8,7.95,26.0,0.51,5.9,1,Warning
PLANT_0598,35.32,5,73.45,160.1,3.42,23.5,0.38,5.8,1,Invitation
PLANT_0599,43.34,10,1.07,213.66,6.34,22.3,0.69,8.2,0,Invitation
PLANT_0600,55.66,4,22.93,222.16,5.14,30.7,0.53,6.2,0,Contentment
PLANT_0601,61.35,2,12.63,175.58,4.17,20.7,0.26,4.6,1,Distress
PLANT_0602,36.17,4,17.31,221.01,4.48,28.0,0.38,6.7,0,Contentment
PLANT_0603,63.04,2,1.78,204.04,8.17,28.5,0.64,5.5,1,Distress
PLANT_0604,70.33,8,0.88,168.44,2.1,26.3,0.76,3.7,1,Contentment
PLANT_0605,56.2,3,21.98,214.14,4.23,17.2,0.49,5.5,1,Contentment
PLANT_0606,78.15,9,34.67,185.46,6.81,23.8,0.29,6.5,1,Contentment
PLANT_0607,38.39,4,30.47,234.85,2.43,31.8,0.71,6.1,1,Distress
PLANT_0608,31.33,6,15.7,188.04,7.63,12.9,0.64,6.7,0,Invitation
PLANT_0609,23.32,10,2.1,135.51,6.78,21.1,0.76,4.9,1,Warning
PLANT_0610,72.44,5,23.3,213.35,5.54,27.8,0.56,6.6,1,Contentment
PLANT_0611,59.82,10,5.54,211.47,3.99,21.4,0.4,6.2,0,Contentment
PLANT_0612,49.17,1,48.4,145.94,2.18,26.0,0.6,6.3,0,Invitation
PLANT_0613,54.2,9,36.44,237.53,6.41,29.0,0.57,6.1,1,Warning
PLANT_0614,33.12,1,24.71,234.91,10.5,23.2,0.39,10.4,1,Distress
PLANT_0615,86.69,8,59.46,156.5,5.29,24.5,0.54,8.2,1,Warning
PLANT_0616,51.94,9,0.64,167.02,1.35,22.5,0.46,6.6,1,Contentment
PLANT_0617,51.64,9,26.65,192.9,5.92,23.5,0.65,4.4,1,Invitation
PLANT_0618,60.89,1,8.02,162.06,6.72,32.5,0.6,5.4,0,Distress
PLANT_0619,57.22,2,47.3,232.02,3.16,21.7,0.29,9.2,1,Distress
PLANT_0620,53.36,1,6.2,207.45,3.71,20.2,0.27,4.9,1,Contentment
PLANT_0621,38.14,10,25.81,145.32,3.51,27.2,0.48,5.7,0,Invitation
PLANT_0622,57.07,2,42.02,158.88,3.94,17.8,0.51,5.6,1,Contentment
PLANT_0623,78.23,10,0.85,259.39,4.66,18.9,0.65,6.7,1,Invitation
PLANT_0624,70.18,8,10.14,276.78,3.28,19.0,0.6,5.1,0,Contentment
PLANT_0625,73.9,5,28.74,226.94,2.53,20.7,0.79,6.4,1,Contentment
PLANT_0626,42.33,7,12.14,189.44,5.35,20.9,0.41,5.2,1,Contentment
PLANT_0627,35.16,2,6.22,178.0,4.63,25.5,0.4,8.6,1,Contentment
PLANT_0628,48.11,8,4.96,227.48,4.13,20.3,0.31,4.6,0,Warning
PLANT_0629,50.84,6,2.82,203.8,5.17,25.7,0.65,8.0,1,Invitation
PLANT_0630,66.41,8,38.92,119.5,1.96,26.3,0.5,4.8,0,Distress
PLANT_0631,24.61,1,17.13,251.59,5.53,18.7,0.13,4.3,0,Invitation
PLANT_0632,72.94,1,1.59,267.29,4.17,26.2,0.54,4.6,1,Warning
PLANT_0633,47.63,7,9.64,236.86,5.48,26.7,0.55,2.6,1,Contentment
PLANT_0634,43.6,8,9.17,145.42,5.8,13.2,0.47,6.9,1,Invitation
PLANT_0635,34.82,3,4.01,168.16,7.26,23.5,0.56,3.7,1,Contentment
PLANT_0636,25.18,5,11.44,107.11,5.21,19.5,0.26,5.3,0,Contentment
PLANT_0637,62.35,1,8.07,279.8,7.13,28.5,0.83,7.5,1,Invitation
PLANT_0638,51.1,7,8.37,182.16,4.36,19.4,0.58,7.5,1,Contentment
PLANT_0639,30.65,5,26.87,316.66,4.45,15.3,0.15,3.1,1,Warning
PLANT_0640,30.57,8,5.05,297.76,4.82,21.9,0.5,6.6,1,Invitation
PLANT_0641,44.96,8,20.54,154.83,6.55,17.5,0.58,8.3,1,Warning
PLANT_0642,75.04,9,16.91,164.59,6.26,26.2,0.28,4.7,1,Invitation
PLANT_0643,46.11,7,16.79,223.31,5.27,18.0,0.61,7.0,1,Warning
PLANT_0644,27.45,1,21.75,112.27,2.54,21.9,0.84,3.7,1,Distress
PLANT_0645,46.31,3,15.9,178.09,6.23,29.7,0.37,6.8,1,Warning
PLANT_0646,45.91,8,42.28,173.09,3.28,27.5,0.59,6.3,0,Distress
PLANT_0647,9.55,3,22.51,292.56,3.17,24.4,0.54,7.3,0,Warning
PLANT_0648,49.19,8,15.84,208.05,2.72,21.4,0.69,7.2,1,Invitation
PLANT_0649,46.54,1,35.41,185.76,4.83,23.9,0.48,3.3,0,Contentment
PLANT_0650,60.44,5,18.64,168.43,7.42,25.4,0.29,6.3,1,Warning
PLANT_0651,77.73,4,6.88,244.7,3.07,17.1,0.68,8.9,0,Distress
PLANT_0652,66.9,5,4.64,175.16,8.36,26.3,0.3,1.6,0,Contentment
PLANT_0653,45.97,8,3.31,197.49,6.82,16.5,0.86,7.9,1,Warning
PLANT_0654,33.4,10,45.94,168.04,2.07,24.9,0.61,9.2,1,Warning
PLANT_0655,88.6,4,24.77,124.12,4.23,16.5,0.38,3.0,1,Contentment
PLANT_0656,50.89,4,55.41,150.2,2.92,31.8,0.72,4.7,1,Warning
PLANT_0657,50.21,3,18.49,174.9,6.33,25.8,0.5,7.0,1,Warning
PLANT_0658,49.64,7,12.83,186.84,3.02,14.2,0.46,4.2,0,Contentment
PLANT_0659,52.97,3,1.23,189.03,1.76,22.0,0.36,8.7,0,Distress
PLANT_0660,47.83,3,22.27,195.55,4.35,19.4,0.12,8.1,1,Contentment
PLANT_0661,41.4,10,17.46,175.57,7.34,18.8,0.62,3.2,1,Warning
PLANT_0662,41.8,5,92.53,267.46,4.61,22.7,0.17,4.5,1,Invitation
PLANT_0663,49.51,5,5.47,247.4,5.8,17.4,0.34,7.5,1,Invitation
PLANT_0664,41.85,6,15.13,193.24,5.87,25.8,0.59,7.5,0,Contentment
PLANT_0665,39.31,8,21.05,212.71,1.98,25.5,0.4,10.4,0,Warning
PLANT_0666,51.6,10,20.69,181.4,3.2,23.8,0.53,4.2,1,Invitation
PLANT_0667,46.18,6,16.48,57.83,5.01,21.9,0.26,8.9,1,Contentment
PLANT_0668,72.56,1,30.01,201.02,3.89,25.3,0.43,4.2,0,Contentment
PLANT_0669,10.24,8,4.59,215.28,8.41,26.0,0.53,7.0,0,Contentment
PLANT_0670,66.37,8,25.87,119.37,2.54,24.3,0.31,7.8,0,Distress
PLANT_0671,68.69,9,19.34,224.97,3.18,15.4,0.84,0.0,1,Warning
PLANT_0672,18.9,9,45.28,185.97,5.58,18.1,0.37,7.8,1,Distress
PLANT_0673,44.86,2,37.57,216.9,3.74,20.7,0.78,8.8,1,Distress
PLANT_0674,44.43,2,7.57,187.48,-0.78,14.6,0.47,8.2,1,Contentment
PLANT_0675,28.89,3,6.47,262.55,8.87,23.1,0.19,10.1,1,Invitation
PLANT_0676,38.33,1,79.97,211.31,2.85,29.1,0.27,7.9,1,Warning
PLANT_0677,33.34,4,14.98,250.12,6.12,28.3,0.54,4.9,0,Contentment
PLANT_0678,76.28,4,47.38,254.24,2.49,25.7,0.71,8.5,0,Contentment
PLANT_0679,64.04,9,3.58,144.02,3.27,25.6,0.85,4.8,0,Contentment
PLANT_0680,69.07,9,20.59,163.05,1.75,33.1,0.53,6.2,1,Contentment
PLANT_0681,60.83,9,33.2,222.58,3.52,26.2,0.26,7.7,1,Contentment
PLANT_0682,33.06,10,58.9,181.72,3.71,26.6,0.56,6.9,1,Warning
PLANT_0683,42.13,7,8.23,188.07,4.73,14.8,0.33,8.7,1,Contentment
PLANT_0684,57.34,2,25.82,264.33,4.25,28.7,0.58,11.0,0,Contentment
PLANT_0685,31.67,10,15.48,184.48,2.12,24.0,0.31,3.7,1,Distress
PLANT_0686,60.69,5,1.25,151.55,3.95,21.6,0.08,5.3,1,Warning
PLANT_0687,46.4,4,23.42,158.31,7.89,20.4,0.76,6.6,1,Distress
PLANT_0688,44.38,8,23.43,309.12,7.66,19.3,0.45,5.1,0,Contentment
PLANT_0689,60.66,2,53.36,191.09,5.91,28.3,0.51,5.8,1,Warning
PLANT_0690,56.66,6,13.76,131.79,6.33,21.9,0.7,7.6,1,Contentment
PLANT_0691,44.59,5,5.23,111.53,9.12,19.4,0.88,7.3,1,Contentment
PLANT_0692,67.39,2,0.91,168.77,6.14,18.1,0.64,6.5,1,Contentment
PLANT_0693,33.78,10,10.74,190.17,6.29,22.9,0.52,6.3,1,Contentment
PLANT_0694,59.24,1,7.19,247.46,1.87,20.2,0.59,5.6,0,Invitation
PLANT_0695,58.9,8,28.63,242.62,2.77,19.1,0.44,8.8,0,Invitation
PLANT_0696,45.36,2,8.75,199.68,4.93,15.1,0.51,9.3,0,Contentment
PLANT_0697,54.89,7,59.55,177.29,3.39,26.8,0.53,8.0,0,Distress
PLANT_0698,31.23,9,65.57,216.98,3.0,21.3,0.34,3.7,1,Warning
PLANT_0699,63.86,9,19.4,112.56,3.24,16.6,0.5,5.5,1,Contentment
PLANT_0700,47.23,8,52.81,299.05,2.15,20.6,0.57,6.4,1,Distress
PLANT_0701,42.16,10,28.61,232.71,3.42,24.7,0.6,4.1,0,Contentment
PLANT_0702,65.74,9,15.83,243.35,5.68,22.1,0.59,6.2,1,Warning
PLANT_0703,39.43,2,3.98,146.29,8.59,23.0,0.23,6.0,0,Warning
PLANT_0704,28.87,6,12.27,264.13,6.59,22.2,0.75,8.2,0,Contentment
PLANT_0705,26.65,4,16.46,177.0,6.27,15.6,0.73,5.0,1,Contentment
PLANT_0706,59.09,4,39.9,152.37,1.75,26.7,0.48,8.3,1,Contentment
PLANT_0707,30.79,5,13.13,198.04,5.24,13.5,0.59,4.1,1,Contentment
PLANT_0708,76.32,3,45.59,196.87,4.87,24.3,0.46,4.4,0,Contentment
PLANT_0709,18.77,1,22.44,146.07,5.58,25.1,0.65,5.2,1,Distress
PLANT_0710,75.45,8,2.95,155.25,4.28,20.9,0.34,6.1,0,Warning
PLANT_0711,53.17,5,105.89,151.34,8.32,23.8,0.77,1.2,0,Distress
PLANT_0712,48.55,3,14.98,151.81,5.11,20.6,0.64,6.9,1,Distress
PLANT_0713,41.83,10,9.95,180.6,5.3,23.8,0.65,9.4,0,Distress
PLANT_0714,55.99,7,21.52,130.55,1.08,27.0,0.48,7.3,0,Distress
PLANT_0715,49.44,7,2.31,165.43,4.79,18.0,0.22,5.6,1,Contentment
PLANT_0716,66.55,1,20.24,252.26,7.3,25.4,0.68,3.8,1,Contentment
PLANT_0717,51.71,9,13.79,241.17,6.11,30.5,0.22,2.4,1,Contentment
PLANT_0718,52.25,2,10.44,147.51,0.69,23.3,0.68,2.7,1,Invitation
PLANT_0719,44.55,5,61.16,247.91,4.1,19.5,0.35,5.7,0,Contentment
PLANT_0720,49.15,5,14.79,101.68,8.46,33.3,0.18,10.2,0,Warning
PLANT_0721,54.62,8,4.95,321.46,4.7,22.4,0.5,0.6,0,Warning
PLANT_0722,24.35,8,12.29,265.02,5.64,23.2,0.74,7.4,1,Invitation
PLANT_0723,29.78,7,50.36,172.01,8.24,23.3,0.31,4.6,1,Warning
PLANT_0724,61.15,7,3.87,219.12,4.69,24.2,0.82,5.3,1,Warning
PLANT_0725,52.56,6,4.81,129.95,6.58,20.3,0.63,4.1,1,Contentment
PLANT_0726,47.24,6,0.26,203.02,5.82,22.9,0.53,3.3,0,Invitation
PLANT_0727,50.28,9,0.29,190.82,6.25,26.8,0.41,6.3,1,Contentment
PLANT_0728,55.21,6,35.37,158.26,5.76,20.1,0.43,6.5,0,Contentment
PLANT_0729,41.9,2,26.34,176.57,3.9,19.9,0.59,7.3,1,Distress
PLANT_0730,38.33,2,8.77,171.65,4.1,20.5,0.67,2.6,1,Warning
PLANT_0731,52.94,5,23.97,143.41,3.29,16.5,0.38,7.7,1,Invitation
PLANT_0732,35.32,4,10.06,157.09,1.72,18.6,0.34,7.8,1,Contentment
PLANT_0733,56.12,2,61.11,127.91,7.49,18.4,0.46,6.8,1,Contentment
PLANT_0734,24.46,3,68.26,242.87,5.02,22.0,0.78,5.2,0,Invitation
PLANT_0735,65.44,7,9.98,153.39,7.39,26.2,0.26,6.6,0,Invitation
PLANT_0736,57.09,8,38.51,138.9,8.13,29.3,0.73,5.7,1,Contentment
PLANT_0737,53.84,6,29.66,242.08,5.11,22.3,0.51,7.9,0,Warning
PLANT_0738,64.74,5,7.42,218.48,2.37,24.3,0.17,5.3,1,Invitation
PLANT_0739,74.98,1,5.28,240.23,4.61,23.2,0.41,6.2,1,Contentment
PLANT_0740,65.22,8,12.26,245.8,3.66,11.5,0.62,2.5,1,Invitation
PLANT_0741,22.39,3,30.41,296.87,1.04,16.3,0.86,6.6,1,Invitation
PLANT_0742,30.81,6,64.46,192.2,4.0,25.8,0.23,4.5,0,Warning
PLANT_0743,40.63,3,28.84,127.12,4.86,26.3,0.0,7.0,1,Invitation
PLANT_0744,50.39,7,38.65,213.55,3.71,26.2,0.24,7.6,1,Contentment
PLANT_0745,57.76,7,18.48,166.55,3.46,21.1,0.73,4.8,1,Distress
PLANT_0746,39.11,9,36.09,152.12,2.44,12.0,0.14,6.1,0,Warning
PLANT_0747,52.8,5,30.69,205.0,5.39,16.9,0.8,6.3,1,Invitation
PLANT_0748,38.67,8,9.46,243.29,8.74,17.6,0.74,6.7,0,Distress
PLANT_0749,40.83,10,16.06,158.2,7.56,25.1,0.54,7.6,1,Distress
PLANT_0750,28.9,10,32.67,263.72,6.31,20.2,0.37,7.3,0,Invitation
PLANT_0751,36.15,8,0.94,150.52,6.35,30.5,0.51,5.2,1,Contentment
PLANT_0752,29.72,1,33.01,187.8,4.73,29.3,0.62,9.2,1,Contentment
PLANT_0753,35.36,5,3.92,219.32,1.39,30.4,0.59,7.5,0,Invitation
PLANT_0754,65.8,3,14.46,180.61,4.26,17.4,0.85,8.8,0,Distress
PLANT_0755,35.76,1,33.03,111.2,3.06,24.5,0.45,6.7,1,Invitation
PLANT_0756,89.49,4,5.86,246.37,5.31,19.6,0.24,6.8,0,Invitation
PLANT_0757,57.4,8,5.64,168.83,7.47,23.6,0.2,5.8,1,Contentment
PLANT_0758,52.77,3,10.31,237.24,8.95,18.0,0.16,5.1,1,Contentment
PLANT_0759,37.12,10,45.01,136.79,5.13,28.1,0.54,8.0,1,Contentment
PLANT_0760,60.5,2,0.01,145.33,1.67,18.1,0.45,6.5,1,Distress
PLANT_0761,41.37,9,46.33,243.12,5.13,12.3,0.51,5.7,0,Contentment
PLANT_0762,51.83,10,3.34,217.03,5.18,32.2,0.39,4.0,0,Distress
PLANT_0763,88.4,5,92.28,178.07,6.36,24.2,0.28,9.1,0,Warning
PLANT_0764,48.56,7,61.95,217.75,4.96,16.7,0.62,6.2,1,Warning
PLANT_0765,67.24,2,13.65,152.3,5.13,21.2,0.01,3.5,1,Contentment
PLANT_0766,39.45,9,14.38,205.51,3.74,19.1,0.34,6.2,0,Warning
PLANT_0767,49.48,9,13.14,206.43,4.38,22.0,0.66,5.6,0,Distress
PLANT_0768,76.56,4,20.18,181.31,6.03,26.0,0.32,5.5,1,Warning
PLANT_0769,40.6,4,1.9,158.24,0.98,25.2,0.58,7.2,1,Warning
PLANT_0770,77.19,6,0.66,203.51,4.37,23.3,0.34,5.6,1,Warning
PLANT_0771,60.62,10,1.19,197.25,6.38,22.0,0.41,5.4,1,Distress
PLANT_0772,41.56,10,11.75,176.71,8.28,27.4,0.61,8.7,1,Invitation
PLANT_0773,59.49,10,6.45,148.31,4.2,12.4,0.24,2.5,0,Warning
PLANT_0774,64.59,6,19.46,200.62,7.37,18.3,0.65,5.9,1,Distress
PLANT_0775,59.33,1,97.7,176.83,8.38,17.1,0.51,7.9,1,Contentment
PLANT_0776,26.45,9,9.77,148.27,4.23,27.0,0.75,7.3,1,Contentment
PLANT_0777,39.09,2,17.06,202.18,3.88,18.3,0.54,8.0,1,Distress
PLANT_0778,46.29,5,10.74,280.42,4.64,15.6,0.29,10.0,0,Warning
PLANT_0779,48.88,9,37.58,181.66,4.84,24.7,0.85,9.4,0,Distress
PLANT_0780,59.31,4,46.5,274.89,7.18,17.5,0.3,3.7,1,Warning
PLANT_0781,52.67,3,41.97,305.72,3.45,20.2,0.45,2.8,0,Invitation
PLANT_0782,29.97,7,73.28,152.33,8.08,33.9,0.69,6.7,1,Warning
PLANT_0783,55.7,6,0.56,200.45,3.4,25.9,0.12,3.3,1,Contentment
PLANT_0784,59.16,8,36.63,305.19,2.47,20.9,0.79,2.1,1,Invitation
PLANT_0785,58.4,3,27.87,193.95,6.05,21.4,0.27,6.6,1,Warning
PLANT_0786,66.21,5,5.19,201.84,7.46,26.5,0.41,7.1,1,Contentment
PLANT_0787,62.51,10,62.62,116.5,5.36,25.3,0.56,9.4,0,Contentment
PLANT_0788,56.89,4,3.21,173.42,5.87,22.4,0.49,7.5,1,Contentment
PLANT_0789,48.95,4,22.76,227.78,8.91,22.5,0.66,9.8,1,Contentment
PLANT_0790,25.09,4,5.1,321.46,7.49,14.6,0.18,6.7,1,Warning
PLANT_0791,56.44,10,11.29,190.2,5.06,13.5,0.65,3.7,1,Distress
PLANT_0792,53.12,8,25.4,116.87,4.14,21.1,0.66,7.6,1,Contentment
PLANT_0793,54.07,6,16.57,129.74,7.19,18.8,0.71,8.7,0,Distress
PLANT_0794,30.85,3,11.15,198.21,6.66,24.9,0.18,6.8,0,Contentment
PLANT_0795,33.78,10,7.9,258.86,5.84,23.0,0.21,8.9,1,Contentment
PLANT_0796,65.8,5,36.61,231.87,4.35,18.1,0.43,5.8,1,Contentment
PLANT_0797,49.41,6,3.11,223.01,4.85,22.8,0.23,7.1,1,Contentment
PLANT_0798,60.22,5,11.25,265.46,4.7,19.9,0.14,5.7,1,Contentment
PLANT_0799,50.42,6,46.82,163.99,4.38,32.3,0.42,10.8,1,Contentment
PLANT_0800,50.45,8,37.4,200.95,3.8,23.9,0.55,7.7,1,Contentment
PLANT_0801,64.07,7,10.25,173.98,5.53,14.2,1.0,3.8,1,Warning
PLANT_0802,42.26,5,28.8,186.43,3.71,31.1,0.61,9.7,1,Contentment
PLANT_0803,51.44,10,34.65,149.69,5.35,18.8,0.85,4.5,1,Warning
PLANT_0804,43.07,6,43.94,182.8,0.8,17.1,0.49,6.0,1,Distress
PLANT_0805,43.48,4,15.73,198.61,3.8,32.7,0.61,6.9,0,Contentment
PLANT_0806,45.36,9,4.57,181.43,7.2,23.7,0.47,7.1,1,Contentment
PLANT_0807,53.33,4,5.9,191.95,3.2,25.5,1.0,7.0,0,Contentment
PLANT_0808,42.82,1,7.01,220.25,6.18,25.7,0.36,3.7,0,Contentment
PLANT_0809,68.84,7,18.02,261.93,3.37,21.0,0.39,7.0,0,Contentment
PLANT_0810,36.58,7,0.67,265.56,6.55,19.1,0.66,8.2,0,Invitation
PLANT_0811,47.2,4,20.21,238.07,4.41,20.0,0.54,8.1,1,Distress
PLANT_0812,43.4,3,9.06,137.0,4.33,30.0,0.42,3.4,0,Distress
PLANT_0813,71.7,8,7.0,181.98,5.11,23.0,0.69,4.7,0,Invitation
PLANT_0814,52.95,5,42.32,186.29,2.31,28.6,0.49,3.9,1,Contentment
PLANT_0815,65.48,10,12.32,167.14,6.94,21.6,0.49,6.7,1,Warning
PLANT_0816,27.72,7,2.0,217.12,7.61,18.2,0.55,2.9,0,Distress
PLANT_0817,54.01,4,35.06,120.28,4.28,14.8,0.15,3.8,1,Warning
PLANT_0818,63.34,4,0.98,284.68,6.05,25.2,0.18,4.7,1,Contentment
PLANT_0819,51.23,8,25.95,259.76,6.56,30.5,0.72,2.4,1,Distress
PLANT_0820,65.98,8,29.74,223.91,4.82,17.6,0.36,5.9,1,Distress
PLANT_0821,42.24,2,8.7,196.89,2.78,24.6,0.47,1.8,0,Contentment
PLANT_0822,71.14,2,34.84,261.44,8.19,15.1,0.82,7.0,1,Contentment
PLANT_0823,84.48,3,14.5,234.47,4.21,19.2,0.48,5.2,1,Distress
PLANT_0824,44.56,3,12.45,255.33,3.78,23.3,0.46,4.8,0,Invitation
PLANT_0825,43.32,1,0.93,197.05,8.28,13.4,0.68,5.1,1,Distress
PLANT_0826,71.8,3,6.85,289.47,6.22,21.9,0.38,5.9,1,Invitation
PLANT_0827,73.69,6,53.48,258.34,5.51,17.8,0.74,7.2,1,Warning
PLANT_0828,42.16,8,9.95,225.48,3.06,25.0,0.68,8.6,1,Contentment
PLANT_0829,43.7,10,15.82,262.8,6.61,21.2,0.87,8.0,1,Contentment
PLANT_0830,45.77,6,15.19,179.04,10.79,26.7,0.36,10.5,1,Warning
PLANT_0831,29.83,5,17.85,141.62,6.76,20.6,0.77,7.4,1,Invitation
PLANT_0832,36.22,4,1.27,216.08,5.99,15.2,0.61,6.3,1,Invitation
PLANT_0833,34.94,3,8.99,197.15,6.44,14.6,0.23,5.1,1,Warning
PLANT_0834,38.48,4,25.68,190.11,4.34,12.5,0.0,5.2,1,Warning
PLANT_0835,49.48,7,4.48,260.82,4.32,25.2,0.34,7.1,1,Contentment
PLANT_0836,53.51,1,4.55,208.36,4.3,34.8,0.56,4.0,1,Invitation
PLANT_0837,73.26,7,0.2,213.18,3.85,24.2,0.59,6.5,1,Contentment
PLANT_0838,35.02,1,11.51,183.65,4.3,30.4,0.49,6.0,1,Warning
PLANT_0839,64.76,2,42.87,244.06,4.29,27.7,0.49,4.5,1,Warning
PLANT_0840,46.79,4,1.07,235.09,4.51,19.4,0.47,3.9,0,Contentment
PLANT_0841,49.26,1,4.24,243.68,4.45,28.3,0.71,11.0,1,Invitation
PLANT_0842,60.12,9,7.42,175.14,5.49,19.6,0.21,3.2,0,Contentment
PLANT_0843,33.16,6,26.31,265.2,5.16,19.7,0.55,5.9,0,Contentment
PLANT_0844,55.74,1,20.47,291.94,5.33,21.0,0.34,8.4,0,Warning
PLANT_0845,52.5,1,10.76,242.1,8.04,21.2,0.32,7.1,1,Contentment
PLANT_0846,57.39,6,28.46,159.54,5.15,25.3,0.74,5.1,1,Distress
PLANT_0847,54.34,4,18.81,159.89,9.42,18.6,0.3,3.6,1,Contentment
PLANT_0848,86.83,4,45.28,181.23,5.71,26.4,0.47,6.3,1,Contentment
PLANT_0849,40.43,6,34.08,171.78,4.11,26.4,0.89,0.7,1,Invitation
PLANT_0850,42.04,7,5.83,196.45,7.7,23.7,0.67,6.3,1,Warning
PLANT_0851,40.65,9,6.33,231.62,4.84,31.7,0.41,6.1,1,Distress
PLANT_0852,41.67,10,2.68,214.5,0.21,28.4,0.43,8.1,0,Contentment
PLANT_0853,40.44,5,8.22,210.11,4.99,27.3,0.25,3.7,0,Contentment
PLANT_0854,67.84,9,153.86,187.94,4.5,22.3,0.76,5.4,1,Distress
PLANT_0855,71.31,4,10.41,196.31,8.21,23.8,0.7,6.9,1,Invitation
PLANT_0856,41.44,10,4.98,239.83,3.2,24.6,0.64,6.4,1,Contentment
PLANT_0857,37.51,2,28.75,99.4,4.33,22.1,0.66,3.3,1,Warning
PLANT_0858,57.07,3,15.64,199.43,7.54,20.1,0.35,4.7,0,Contentment
PLANT_0859,41.72,1,3.24,214.4,5.79,10.0,0.19,8.8,0,Contentment
PLANT_0860,59.49,6,9.58,239.18,4.66,25.6,0.61,6.5,1,Contentment
PLANT_0861,53.04,6,10.7,149.5,3.49,27.2,0.68,2.7,0,Distress
PLANT_0862,27.26,1,28.03,146.85,5.7,16.2,0.82,7.8,0,Warning
PLANT_0863,73.21,3,0.42,229.2,4.94,25.0,0.46,2.8,0,Contentment
PLANT_0864,76.94,5,6.27,104.78,3.46,19.0,0.43,5.4,1,Contentment
PLANT_0865,40.81,3,14.58,266.61,3.57,20.2,0.45,7.1,0,Contentment
PLANT_0866,44.18,10,6.26,211.33,3.37,28.6,0.63,8.4,1,Distress
PLANT_0867,54.29,3,19.8,277.94,3.01,17.0,0.44,1.3,1,Contentment
PLANT_0868,55.02,10,13.15,145.65,6.87,17.0,0.49,7.4,0,Contentment
PLANT_0869,59.88,3,8.98,178.18,6.6,31.0,0.67,7.7,1,Invitation
PLANT_0870,80.15,5,59.6,79.61,6.87,21.3,0.37,4.9,0,Contentment
PLANT_0871,47.35,5,20.0,160.22,5.01,28.2,0.78,6.2,1,Contentment
PLANT_0872,38.03,4,2.78,190.81,4.51,14.0,0.63,0.0,1,Contentment
PLANT_0873,29.31,1,16.42,101.86,4.55,14.4,0.13,0.5,0,Invitation
PLANT_0874,39.04,5,30.35,180.27,7.04,17.4,0.4,8.2,1,Invitation
PLANT_0875,49.5,10,24.65,100.63,1.36,19.6,0.1,4.9,1,Contentment
PLANT_0876,76.92,5,3.78,187.13,3.97,15.0,0.46,5.3,1,Warning
PLANT_0877,42.24,4,71.81,257.36,3.23,23.8,0.4,6.5,1,Invitation
PLANT_0878,53.36,6,11.91,198.25,7.72,24.2,0.67,5.3,0,Contentment
PLANT_0879,49.75,10,3.46,282.91,4.05,17.5,0.32,5.1,1,Contentment
PLANT_0880,67.83,4,3.97,239.31,1.73,17.9,0.58,6.8,0,Invitation
PLANT_0881,87.9,7,2.07,267.41,5.45,18.6,0.61,3.0,0,Contentment
PLANT_0882,42.04,7,32.54,161.75,4.26,16.2,0.55,8.3,0,Warning
PLANT_0883,42.66,2,2.6,160.54,3.89,7.5,0.73,5.5,0,Invitation
PLANT_0884,65.66,3,2.67,217.28,3.68,21.6,0.91,4.0,1,Contentment
PLANT_0885,60.23,1,38.01,121.11,3.6,19.8,0.52,3.7,1,Contentment
PLANT_0886,77.7,8,8.45,223.56,6.42,20.4,0.58,6.1,1,Contentment
PLANT_0887,58.76,9,0.63,183.8,5.45,16.9,0.32,5.4,0,Contentment
PLANT_0888,44.61,4,1.07,266.5,4.6,26.1,0.3,2.9,1,Contentment
PLANT_0889,58.86,6,3.07,233.98,2.8,34.1,0.71,4.8,1,Contentment
PLANT_0890,66.63,9,4.8,254.84,4.66,17.8,0.68,4.4,0,Distress
PLANT_0891,62.31,6,21.88,162.29,5.52,29.0,0.29,8.5,0,Invitation
PLANT_0892,57.61,9,3.42,252.41,5.6,23.8,0.24,6.3,1,Contentment
PLANT_0893,66.0,4,2.53,272.24,5.32,22.2,0.37,9.1,1,Distress
PLANT_0894,67.54,8,28.94,198.06,3.15,20.3,0.47,4.6,1,Distress
PLANT_0895,70.73,9,22.24,163.03,0.19,21.6,0.42,5.4,1,Distress
PLANT_0896,59.73,4,11.43,163.91,8.6,27.7,0.53,6.8,1,Contentment
PLANT_0897,47.49,5,15.94,261.95,2.38,16.3,0.68,7.2,0,Invitation
PLANT_0898,52.2,8,7.48,334.22,1.07,20.6,0.59,7.4,1,Contentment
PLANT_0899,68.1,10,13.17,150.92,5.26,28.2,0.61,4.2,0,Warning
PLANT_0900,37.75,6,14.13,147.07,1.58,26.9,0.01,4.3,1,Contentment
PLANT_0901,55.53,7,9.8,246.07,3.39,16.4,0.18,5.3,1,Distress
PLANT_0902,44.1,3,47.41,162.3,6.1,21.1,0.34,9.0,1,Warning
PLANT_0903,50.43,7,0.32,250.92,8.55,25.6,0.37,4.0,1,Warning
PLANT_0904,69.18,8,30.48,223.27,5.78,25.3,0.67,4.9,1,Distress
PLANT_0905,52.87,10,2.66,198.8,4.12,26.9,0.32,7.5,1,Invitation
PLANT_0906,50.7,6,31.94,222.06,4.9,23.9,0.63,7.4,1,Distress
PLANT_0907,29.6,10,19.14,219.01,1.38,24.8,0.34,7.1,1,Contentment
PLANT_0908,61.19,9,37.07,191.02,4.1,23.7,0.26,6.2,1,Warning
PLANT_0909,59.68,6,2.05,112.18,4.1,29.9,0.27,3.9,0,Distress
PLANT_0910,82.45,9,16.37,208.93,5.31,19.9,0.95,4.6,1,Warning
PLANT_0911,45.38,4,13.91,278.65,8.88,22.2,0.34,8.3,1,Distress
PLANT_0912,53.29,8,24.5,119.56,1.13,16.9,0.64,7.5,0,Contentment
PLANT_0913,53.74,4,15.28,151.71,4.18,15.9,0.19,3.3,1,Invitation
PLANT_0914,73.66,2,15.56,221.34,1.33,23.6,0.78,7.7,1,Contentment
PLANT_0915,48.57,10,11.23,201.93,3.99,18.4,0.57,8.6,1,Contentment
PLANT_0916,54.19,9,7.39,220.56,3.27,21.7,0.55,6.1,0,Invitation
PLANT_0917,59.12,5,13.17,165.03,2.01,30.1,0.58,6.9,1,Contentment
PLANT_0918,52.8,4,2.52,258.12,6.83,29.8,0.6,8.0,1,Contentment
PLANT_0919,43.3,2,65.15,202.35,5.51,33.1,0.66,4.6,1,Invitation
PLANT_0920,52.91,1,25.06,234.85,6.59,30.2,0.38,10.7,0,Contentment
PLANT_0921,66.1,7,60.93,216.01,3.94,34.0,0.37,8.4,0,Contentment
PLANT_0922,34.6,6,5.14,208.77,4.86,24.2,0.51,7.0,1,Contentment
PLANT_0923,51.99,2,42.3,231.34,8.19,17.5,0.64,5.9,1,Warning
PLANT_0924,39.5,8,33.09,209.32,4.99,17.0,0.49,7.0,0,Warning
PLANT_0925,67.93,4,22.61,140.49,6.62,29.0,0.65,2.9,0,Distress
PLANT_0926,27.15,8,19.62,254.37,3.77,22.3,0.62,10.2,0,Distress
PLANT_0927,41.62,7,7.61,240.91,6.43,22.6,0.46,8.3,1,Contentment
PLANT_0928,55.66,5,33.9,94.66,3.9,19.3,0.15,8.9,0,Contentment
PLANT_0929,73.48,10,13.92,167.29,1.21,19.9,0.4,6.1,0,Invitation
PLANT_0930,49.01,10,1.47,252.12,4.98,23.9,0.85,5.3,0,Invitation
PLANT_0931,41.67,8,7.5,108.65,4.06,16.7,0.57,4.7,1,Contentment
PLANT_0932,78.22,9,54.76,247.18,1.75,23.3,0.37,7.6,1,Invitation
PLANT_0933,28.28,5,38.03,192.94,5.38,29.6,0.55,5.0,0,Distress
PLANT_0934,17.02,10,80.24,267.01,3.21,11.3,0.64,5.6,1,Contentment
PLANT_0935,56.6,5,19.78,199.94,11.19,14.3,0.37,7.1,0,Warning
PLANT_0936,42.47,2,5.69,163.9,2.07,25.4,0.75,4.7,0,Warning
PLANT_0937,34.68,5,3.55,215.4,2.57,28.8,0.6,8.1,1,Invitation
PLANT_0938,60.63,3,4.14,198.48,6.74,19.6,0.28,6.0,1,Distress
PLANT_0939,53.66,7,0.4,159.46,4.73,12.0,0.67,3.0,1,Distress
PLANT_0940,41.54,10,9.91,310.92,6.7,29.2,0.42,4.7,0,Warning
PLANT_0941,30.8,5,4.25,151.45,5.76,17.9,0.46,8.6,1,Distress
PLANT_0942,63.09,8,10.61,87.85,3.84,20.2,0.3,4.1,1,Distress
PLANT_0943,59.75,1,54.67,279.08,2.24,23.6,0.63,7.8,1,Invitation
PLANT_0944,48.51,3,11.26,170.82,7.14,18.7,0.47,6.2,0,Warning
PLANT_0945,77.7,3,42.07,185.16,2.42,17.6,0.63,5.7,1,Distress
PLANT_0946,33.95,9,18.6,182.1,6.12,17.7,0.39,11.0,1,Warning
PLANT_0947,27.12,5,5.68,171.52,6.84,31.3,0.37,3.4,1,Distress
PLANT_0948,39.62,9,8.8,161.69,4.75,27.8,0.35,4.5,0,Distress
PLANT_0949,49.32,9,1.75,150.16,4.39,24.9,0.58,6.0,1,Warning
PLANT_0950,53.65,1,8.11,203.24,3.03,11.1,0.36,10.8,0,Distress
PLANT_0951,46.38,2,22.64,179.9,5.93,24.9,0.46,6.0,1,Warning
PLANT_0952,55.28,5,1.5,236.52,-1.09,24.6,0.4,6.5,0,Invitation
PLANT_0953,31.23,4,4.6,224.13,6.43,15.6,0.59,5.3,1,Contentment
PLANT_0954,71.66,10,9.61,153.62,5.24,23.3,0.15,6.7,0,Distress
PLANT_0955,48.77,9,80.4,205.43,4.55,27.3,0.55,5.5,0,Invitation
PLANT_0956,66.76,7,30.73,179.11,5.48,24.8,0.85,7.4,0,Contentment
PLANT_0957,55.14,6,26.45,150.42,2.25,18.6,0.75,7.5,0,Contentment
PLANT_0958,56.85,7,2.47,234.47,0.17,22.1,0.38,5.5,1,Contentment
PLANT_0959,58.55,1,30.37,193.93,5.94,25.7,0.6,3.7,1,Warning
PLANT_0960,56.72,1,30.77,179.62,7.63,22.3,0.56,6.2,1,Contentment
PLANT_0961,59.64,8,18.38,157.22,1.52,28.3,0.79,8.8,0,Distress
PLANT_0962,69.94,2,92.84,148.6,2.9,24.0,0.0,4.3,1,Invitation
PLANT_0963,52.95,10,7.87,299.44,6.5,25.8,0.72,6.7,1,Invitation
PLANT_0964,60.64,9,56.7,216.71,5.72,26.1,0.45,3.6,1,Contentment
PLANT_0965,48.65,7,49.24,145.44,10.93,16.7,0.35,3.9,1,Distress
PLANT_0966,71.6,6,0.23,214.39,7.15,22.2,0.35,8.6,1,Invitation
PLANT_0967,39.85,1,11.96,253.1,6.67,20.3,0.24,7.4,1,Contentment
PLANT_0968,77.01,1,75.54,208.38,3.47,27.2,0.38,6.7,1,Warning
PLANT_0969,49.4,2,2.18,268.7,6.05,24.3,0.28,1.4,0,Contentment
PLANT_0970,28.54,6,15.87,122.86,7.99,21.1,0.54,4.9,0,Invitation
PLANT_0971,51.92,6,77.22,100.43,4.67,15.6,0.62,7.2,1,Contentment
PLANT_0972,39.78,2,16.22,213.03,4.77,14.0,0.45,3.1,1,Distress
PLANT_0973,62.61,1,4.21,213.82,5.28,23.6,0.8,5.3,0,Warning
PLANT_0974,40.21,10,17.45,33.02,3.67,18.4,0.39,7.5,0,Invitation
PLANT_0975,43.31,5,4.57,168.82,5.54,25.3,0.44,3.0,1,Contentment
PLANT_0976,21.66,5,14.67,149.57,5.49,13.8,0.41,2.6,1,Distress
PLANT_0977,43.22,2,1.54,130.4,7.96,30.0,0.62,3.0,0,Warning
PLANT_0978,13.64,6,18.6,149.45,4.62,25.3,0.64,6.7,1,Warning
PLANT_0979,26.24,9,14.55,229.79,6.35,22.5,0.6,4.9,1,Distress
PLANT_0980,61.41,2,26.95,149.13,4.68,30.4,0.48,7.8,1,Invitation
PLANT_0981,61.79,10,19.92,150.84,6.28,26.7,0.23,6.2,0,Contentment
PLANT_0982,56.38,2,15.95,119.06,4.5,19.6,0.44,9.8,1,Warning
PLANT_0983,35.5,3,23.41,263.45,6.15,22.4,0.8,3.5,1,Contentment
PLANT_0984,49.28,7,3.11,221.73,6.46,12.2,0.7,6.7,0,Warning
PLANT_0985,49.95,6,18.1,75.38,2.87,27.3,0.56,4.4,1,Warning
PLANT_0986,32.62,8,3.78,150.89,7.2,20.5,0.42,7.2,0,Distress
PLANT_0987,72.55,8,51.95,226.43,4.67,12.1,0.5,6.2,0,Invitation
PLANT_0988,63.16,6,1.42,264.07,4.06,16.1,0.42,4.0,1,Warning
PLANT_0989,46.69,10,11.26,242.04,3.58,26.4,0.74,5.7,0,Contentment
PLANT_0990,50.4,3,23.8,182.22,5.6,30.1,0.33,6.1,0,Contentment
PLANT_0991,53.13,3,12.25,103.43,4.99,22.1,0.68,4.8,1,Warning
PLANT_0992,19.37,1,1.93,243.51,5.74,17.1,0.39,7.5,0,Contentment
PLANT_0993,46.29,7,16.12,185.16,5.78,14.9,0.76,3.9,1,Contentment
PLANT_0994,39.77,5,20.52,203.44,6.22,29.1,0.59,10.2,1,Warning
PLANT_0995,34.98,4,24.33,191.13,10.55,24.2,0.35,7.9,0,Contentment
PLANT_0996,45.78,10,9.34,132.22,5.08,20.3,0.44,6.7,0,Warning
PLANT_0997,76.97,4,16.59,218.21,3.53,19.2,0.64,11.7,1,Contentment
PLANT_0998,59.61,4,11.98,211.32,0.96,25.4,0.4,5.4,1,Warning
PLANT_0999,41.43,6,22.3,178.71,2.61,25.2,0.5,7.2,0,Invitation
PLANT_1000,58.59,8,17.52,223.56,7.47,17.5,0.4,6.4,0,Distress
